[0.000000] (-) TimerEvent: {}
[0.000190] (stretch_web_teleop_provail) JobQueued: {'identifier': 'stretch_web_teleop_provail', 'dependencies': OrderedDict()}
[0.000284] (stretch_web_teleop_provail) JobStarted: {'identifier': 'stretch_web_teleop_provail'}
[0.012967] (stretch_web_teleop_provail) JobProgress: {'identifier': 'stretch_web_teleop_provail', 'progress': 'cmake'}
[0.013566] (stretch_web_teleop_provail) Command: {'cmd': ['/usr/local/bin/cmake', '/home/hello-robot/provail_ws/src/stretch_web_teleop_provail', '-DCMAKE_INSTALL_PREFIX=/home/hello-robot/provail_ws/src/stretch_web_teleop_provail/install/stretch_web_teleop_provail'], 'cwd': '/home/hello-robot/provail_ws/src/stretch_web_teleop_provail/build/stretch_web_teleop_provail', 'env': OrderedDict([('HELLO_FLEET_ID', 'stretch-re2-2049'), ('LESSOPEN', '| /usr/bin/lesspipe %s'), ('USER', 'hello-robot'), ('SSH_CLIENT', '10.18.96.65 60378 22'), ('XDG_SESSION_TYPE', 'tty'), ('GIT_ASKPASS', '/home/hello-robot/.vscode-server/cli/servers/Stable-ffa3c3f656c8df32d894e5f4d3673284d424205e/server/extensions/git/dist/askpass.sh'), ('HELLO_FLEET_PATH', '/home/hello-robot/stretch_user'), ('SHLVL', '2'), ('LD_LIBRARY_PATH', '/home/hello-robot/provail_ws/install/stretch_web_teleop/lib:/home/hello-robot/ament_ws/install/tf2_web_republisher/lib:/home/hello-robot/ament_ws/install/stretch_web_teleop/lib:/home/hello-robot/ament_ws/install/speech_recognition_msgs/lib:/home/hello-robot/ament_ws/install/sound_play_msgs/lib:/home/hello-robot/ament_ws/install/rosbridge_test_msgs/lib:/home/hello-robot/ament_ws/install/rosbridge_msgs/lib:/home/hello-robot/ament_ws/install/rosapi_msgs/lib:/home/hello-robot/ament_ws/install/realsense2_camera/lib:/home/hello-robot/ament_ws/install/realsense2_camera_msgs/lib:/home/hello-robot/ament_ws/install/audio_play/lib:/home/hello-robot/ament_ws/install/audio_capture/lib:/home/hello-robot/ament_ws/install/audio_common_msgs/lib:/usr/lib/x86_64-linux-gnu/gazebo-11/plugins:/opt/ros/humble/opt/rviz_ogre_vendor/lib:/opt/ros/humble/lib/x86_64-linux-gnu:/opt/ros/humble/lib'), ('BROWSER', '/home/hello-robot/.vscode-server/cli/servers/Stable-ffa3c3f656c8df32d894e5f4d3673284d424205e/server/bin/helpers/browser.sh'), ('MOTD_SHOWN', 'pam'), ('HOME', '/home/hello-robot'), ('OLDPWD', '/home/hello-robot/provail_ws'), ('TERM_PROGRAM_VERSION', '1.123.1'), ('VSCODE_IPC_HOOK_CLI', '/run/user/1000/vscode-ipc-a4c022f9-0e9c-4d40-a52a-c14839825212.sock'), ('ROS_PYTHON_VERSION', '3'), ('VSCODE_GIT_ASKPASS_MAIN', '/home/hello-robot/.vscode-server/cli/servers/Stable-ffa3c3f656c8df32d894e5f4d3673284d424205e/server/extensions/git/dist/askpass-main.js'), ('VSCODE_GIT_ASKPASS_NODE', '/home/hello-robot/.vscode-server/cli/servers/Stable-ffa3c3f656c8df32d894e5f4d3673284d424205e/server/node'), ('VSCODE_PYTHON_AUTOACTIVATE_GUARD', '1'), ('DBUS_SESSION_BUS_ADDRESS', 'unix:path=/run/user/1000/bus'), ('COLORTERM', 'truecolor'), ('COLCON_PREFIX_PATH', '/home/hello-robot/provail_ws/install:/home/hello-robot/ament_ws/install'), ('ROS_DISTRO', 'humble'), ('LOGNAME', 'hello-robot'), ('_', '/usr/bin/colcon'), ('ROS_VERSION', '2'), ('CLAUDE_CODE_SSE_PORT', '59242'), ('XDG_SESSION_CLASS', 'user'), ('TERM', 'xterm-256color'), ('XDG_SESSION_ID', '5'), ('ROS_LOCALHOST_ONLY', '0'), ('PATH', '/home/hello-robot/ament_ws/install/audio_play/bin:/home/hello-robot/ament_ws/install/audio_capture/bin:/opt/ros/humble/bin:/home/hello-robot/.vscode-server/data/User/globalStorage/github.copilot-chat/debugCommand:/home/hello-robot/.vscode-server/data/User/globalStorage/github.copilot-chat/copilotCli:/home/hello-robot/.vscode-server/cli/servers/Stable-ffa3c3f656c8df32d894e5f4d3673284d424205e/server/bin/remote-cli:/home/hello-robot/.local/bin:/usr/local/sbin:/usr/local/bin:/usr/sbin:/usr/bin:/sbin:/bin:/usr/games:/usr/local/games:/snap/bin:/home/hello-robot/.local/bin'), ('XDG_RUNTIME_DIR', '/run/user/1000'), ('LANG', 'en_US.UTF-8'), ('RMW_IMPLEMENTATION', 'rmw_cyclonedds_cpp'), ('LS_COLORS', 'rs=0:di=01;34:ln=01;36:mh=00:pi=40;33:so=01;35:do=01;35:bd=40;33;01:cd=40;33;01:or=40;31;01:mi=00:su=37;41:sg=30;43:ca=30;41:tw=30;42:ow=34;42:st=37;44:ex=01;32:*.tar=01;31:*.tgz=01;31:*.arc=01;31:*.arj=01;31:*.taz=01;31:*.lha=01;31:*.lz4=01;31:*.lzh=01;31:*.lzma=01;31:*.tlz=01;31:*.txz=01;31:*.tzo=01;31:*.t7z=01;31:*.zip=01;31:*.z=01;31:*.dz=01;31:*.gz=01;31:*.lrz=01;31:*.lz=01;31:*.lzo=01;31:*.xz=01;31:*.zst=01;31:*.tzst=01;31:*.bz2=01;31:*.bz=01;31:*.tbz=01;31:*.tbz2=01;31:*.tz=01;31:*.deb=01;31:*.rpm=01;31:*.jar=01;31:*.war=01;31:*.ear=01;31:*.sar=01;31:*.rar=01;31:*.alz=01;31:*.ace=01;31:*.zoo=01;31:*.cpio=01;31:*.7z=01;31:*.rz=01;31:*.cab=01;31:*.wim=01;31:*.swm=01;31:*.dwm=01;31:*.esd=01;31:*.jpg=01;35:*.jpeg=01;35:*.mjpg=01;35:*.mjpeg=01;35:*.gif=01;35:*.bmp=01;35:*.pbm=01;35:*.pgm=01;35:*.ppm=01;35:*.tga=01;35:*.xbm=01;35:*.xpm=01;35:*.tif=01;35:*.tiff=01;35:*.png=01;35:*.svg=01;35:*.svgz=01;35:*.mng=01;35:*.pcx=01;35:*.mov=01;35:*.mpg=01;35:*.mpeg=01;35:*.m2v=01;35:*.mkv=01;35:*.webm=01;35:*.webp=01;35:*.ogm=01;35:*.mp4=01;35:*.m4v=01;35:*.mp4v=01;35:*.vob=01;35:*.qt=01;35:*.nuv=01;35:*.wmv=01;35:*.asf=01;35:*.rm=01;35:*.rmvb=01;35:*.flc=01;35:*.avi=01;35:*.fli=01;35:*.flv=01;35:*.gl=01;35:*.dl=01;35:*.xcf=01;35:*.xwd=01;35:*.yuv=01;35:*.cgm=01;35:*.emf=01;35:*.ogv=01;35:*.ogx=01;35:*.aac=00;36:*.au=00;36:*.flac=00;36:*.m4a=00;36:*.mid=00;36:*.midi=00;36:*.mka=00;36:*.mp3=00;36:*.mpc=00;36:*.ogg=00;36:*.ra=00;36:*.wav=00;36:*.oga=00;36:*.opus=00;36:*.spx=00;36:*.xspf=00;36:'), ('VSCODE_GIT_IPC_HANDLE', '/run/user/1000/vscode-git-a969dccb53.sock'), ('TERM_PROGRAM', 'vscode'), ('ROS_DOMAIN_ID', '7'), ('AMENT_PREFIX_PATH', '/home/hello-robot/provail_ws/install/stretch_web_teleop:/home/hello-robot/ament_ws/install/tf2_web_republisher_py:/home/hello-robot/ament_ws/install/tf2_web_republisher:/home/hello-robot/ament_ws/install/stretch_web_teleop:/home/hello-robot/ament_ws/install/stretch_simulation:/home/hello-robot/ament_ws/install/stretch_rtabmap:/home/hello-robot/ament_ws/install/stretch_ros_tutorials:/home/hello-robot/ament_ws/install/stretch_nav2:/home/hello-robot/ament_ws/install/stretch_funmap:/home/hello-robot/ament_ws/install/stretch_calibration:/home/hello-robot/ament_ws/install/stretch_description:/home/hello-robot/ament_ws/install/stretch_demos:/home/hello-robot/ament_ws/install/stretch_deep_perception:/home/hello-robot/ament_ws/install/stretch_core:/home/hello-robot/ament_ws/install/respeaker_ros2:/home/hello-robot/ament_ws/install/speech_recognition_msgs:/home/hello-robot/ament_ws/install/sound_play_msgs:/home/hello-robot/ament_ws/install/audio_common:/home/hello-robot/ament_ws/install/sound_play:/home/hello-robot/ament_ws/install/sllidar_ros2:/home/hello-robot/ament_ws/install/rosbridge_test_msgs:/home/hello-robot/ament_ws/install/rosbridge_suite:/home/hello-robot/ament_ws/install/rosbridge_server:/home/hello-robot/ament_ws/install/rosbridge_msgs:/home/hello-robot/ament_ws/install/rosapi:/home/hello-robot/ament_ws/install/rosbridge_library:/home/hello-robot/ament_ws/install/rosapi_msgs:/home/hello-robot/ament_ws/install/ros2_numpy:/home/hello-robot/ament_ws/install/realsense2_description:/home/hello-robot/ament_ws/install/realsense2_camera:/home/hello-robot/ament_ws/install/realsense2_camera_msgs:/home/hello-robot/ament_ws/install/hello_helpers:/home/hello-robot/ament_ws/install/audio_play:/home/hello-robot/ament_ws/install/audio_capture:/home/hello-robot/ament_ws/install/audio_common_msgs:/opt/ros/humble'), ('LRS_LOG_LEVEL', 'None'), ('SHELL', '/bin/bash'), ('LESSCLOSE', '/usr/bin/lesspipe %s %s'), ('VSCODE_GIT_ASKPASS_EXTRA_ARGS', ''), ('PWD', '/home/hello-robot/provail_ws/src/stretch_web_teleop_provail/build/stretch_web_teleop_provail'), ('LC_ALL', 'en_US.UTF-8'), ('COPILOT_DEBUG_NONCE', 'faee63382408a22e407252406e8957d4'), ('SSH_CONNECTION', '10.18.96.65 60378 172.28.7.121 22'), ('XDG_DATA_DIRS', '/usr/share/gnome:/usr/local/share:/usr/share:/var/lib/snapd/desktop'), ('PYTHONPATH', '/home/hello-robot/provail_ws/install/stretch_web_teleop/local/lib/python3.10/dist-packages:/home/hello-robot/ament_ws/build/tf2_web_republisher_py:/home/hello-robot/ament_ws/install/tf2_web_republisher_py/lib/python3.10/site-packages:/home/hello-robot/ament_ws/install/tf2_web_republisher/local/lib/python3.10/dist-packages:/home/hello-robot/ament_ws/install/stretch_web_teleop/local/lib/python3.10/dist-packages:/home/hello-robot/ament_ws/build/stretch_simulation:/home/hello-robot/ament_ws/install/stretch_simulation/lib/python3.10/site-packages:/home/hello-robot/ament_ws/build/stretch_ros_tutorials:/home/hello-robot/ament_ws/install/stretch_ros_tutorials/lib/python3.10/site-packages:/home/hello-robot/ament_ws/install/stretch_nav2/local/lib/python3.10/dist-packages:/home/hello-robot/ament_ws/build/stretch_funmap:/home/hello-robot/ament_ws/install/stretch_funmap/lib/python3.10/site-packages:/home/hello-robot/ament_ws/build/stretch_calibration:/home/hello-robot/ament_ws/install/stretch_calibration/lib/python3.10/site-packages:/home/hello-robot/ament_ws/build/stretch_demos:/home/hello-robot/ament_ws/install/stretch_demos/lib/python3.10/site-packages:/home/hello-robot/ament_ws/build/stretch_deep_perception:/home/hello-robot/ament_ws/install/stretch_deep_perception/lib/python3.10/site-packages:/home/hello-robot/ament_ws/build/stretch_core:/home/hello-robot/ament_ws/install/stretch_core/lib/python3.10/site-packages:/home/hello-robot/ament_ws/build/respeaker_ros2:/home/hello-robot/ament_ws/install/respeaker_ros2/lib/python3.10/site-packages:/home/hello-robot/ament_ws/install/speech_recognition_msgs/local/lib/python3.10/dist-packages:/home/hello-robot/ament_ws/install/sound_play_msgs/local/lib/python3.10/dist-packages:/home/hello-robot/ament_ws/install/sound_play/local/lib/python3.10/dist-packages:/home/hello-robot/ament_ws/install/rosbridge_test_msgs/local/lib/python3.10/dist-packages:/home/hello-robot/ament_ws/install/rosbridge_server/local/lib/python3.10/dist-packages:/home/hello-robot/ament_ws/install/rosbridge_msgs/local/lib/python3.10/dist-packages:/home/hello-robot/ament_ws/install/rosapi/local/lib/python3.10/dist-packages:/home/hello-robot/ament_ws/install/rosbridge_library/local/lib/python3.10/dist-packages:/home/hello-robot/ament_ws/install/rosapi_msgs/local/lib/python3.10/dist-packages:/home/hello-robot/ament_ws/install/ros2_numpy/local/lib/python3.10/dist-packages:/home/hello-robot/ament_ws/install/realsense2_camera_msgs/local/lib/python3.10/dist-packages:/home/hello-robot/ament_ws/build/hello_helpers/src:/home/hello-robot/ament_ws/install/hello_helpers/lib/python3.10/site-packages:/home/hello-robot/ament_ws/install/audio_common_msgs/local/lib/python3.10/dist-packages:/opt/ros/humble/lib/python3.10/site-packages:/opt/ros/humble/local/lib/python3.10/dist-packages'), ('COLCON', '1'), ('CMAKE_PREFIX_PATH', '/home/hello-robot/provail_ws/install/stretch_web_teleop:/home/hello-robot/ament_ws/install/tf2_web_republisher:/home/hello-robot/ament_ws/install/stretch_web_teleop:/home/hello-robot/ament_ws/install/stretch_rtabmap:/home/hello-robot/ament_ws/install/stretch_nav2:/home/hello-robot/ament_ws/install/stretch_description:/home/hello-robot/ament_ws/install/speech_recognition_msgs:/home/hello-robot/ament_ws/install/sound_play_msgs:/home/hello-robot/ament_ws/install/audio_common:/home/hello-robot/ament_ws/install/sound_play:/home/hello-robot/ament_ws/install/sllidar_ros2:/home/hello-robot/ament_ws/install/rosbridge_test_msgs:/home/hello-robot/ament_ws/install/rosbridge_suite:/home/hello-robot/ament_ws/install/rosbridge_server:/home/hello-robot/ament_ws/install/rosbridge_msgs:/home/hello-robot/ament_ws/install/rosapi:/home/hello-robot/ament_ws/install/rosbridge_library:/home/hello-robot/ament_ws/install/rosapi_msgs:/home/hello-robot/ament_ws/install/ros2_numpy:/home/hello-robot/ament_ws/install/realsense2_description:/home/hello-robot/ament_ws/install/realsense2_camera:/home/hello-robot/ament_ws/install/realsense2_camera_msgs:/home/hello-robot/ament_ws/install/audio_play:/home/hello-robot/ament_ws/install/audio_capture:/home/hello-robot/ament_ws/install/audio_common_msgs:/home/hello-robot/ament_ws/install/tf2_web_republisher_py:/home/hello-robot/ament_ws/install/stretch_simulation:/home/hello-robot/ament_ws/install/stretch_ros_tutorials:/home/hello-robot/ament_ws/install/stretch_funmap:/home/hello-robot/ament_ws/install/stretch_calibration:/home/hello-robot/ament_ws/install/stretch_demos:/home/hello-robot/ament_ws/install/stretch_deep_perception:/home/hello-robot/ament_ws/install/stretch_core:/home/hello-robot/ament_ws/install/respeaker_ros2:/home/hello-robot/ament_ws/install/hello_helpers:/opt/ros/humble')]), 'shell': False}
[0.099426] (-) TimerEvent: {}
[0.120427] (stretch_web_teleop_provail) StdoutLine: {'line': b'-- The C compiler identification is GNU 11.4.0\n'}
[0.187961] (stretch_web_teleop_provail) StdoutLine: {'line': b'-- The CXX compiler identification is GNU 11.4.0\n'}
[0.199522] (-) TimerEvent: {}
[0.210257] (stretch_web_teleop_provail) StdoutLine: {'line': b'-- Detecting C compiler ABI info\n'}
[0.280561] (stretch_web_teleop_provail) StdoutLine: {'line': b'-- Detecting C compiler ABI info - done\n'}
[0.292386] (stretch_web_teleop_provail) StdoutLine: {'line': b'-- Check for working C compiler: /usr/bin/cc - skipped\n'}
[0.292736] (stretch_web_teleop_provail) StdoutLine: {'line': b'-- Detecting C compile features\n'}
[0.293450] (stretch_web_teleop_provail) StdoutLine: {'line': b'-- Detecting C compile features - done\n'}
[0.299661] (-) TimerEvent: {}
[0.304384] (stretch_web_teleop_provail) StdoutLine: {'line': b'-- Detecting CXX compiler ABI info\n'}
[0.389888] (stretch_web_teleop_provail) StdoutLine: {'line': b'-- Detecting CXX compiler ABI info - done\n'}
[0.399766] (-) TimerEvent: {}
[0.401983] (stretch_web_teleop_provail) StdoutLine: {'line': b'-- Check for working CXX compiler: /usr/bin/c++ - skipped\n'}
[0.402439] (stretch_web_teleop_provail) StdoutLine: {'line': b'-- Detecting CXX compile features\n'}
[0.403000] (stretch_web_teleop_provail) StdoutLine: {'line': b'-- Detecting CXX compile features - done\n'}
[0.409338] (stretch_web_teleop_provail) StdoutLine: {'line': b'-- Found ament_cmake: 1.3.14 (/opt/ros/humble/share/ament_cmake/cmake)\n'}
[0.499899] (-) TimerEvent: {}
[0.600241] (-) TimerEvent: {}
[0.700569] (-) TimerEvent: {}
[0.701225] (stretch_web_teleop_provail) StdoutLine: {'line': b'-- Found Python3: /usr/bin/python3 (found version "3.10.12") found components: Interpreter \n'}
[0.800711] (-) TimerEvent: {}
[0.876121] (stretch_web_teleop_provail) StdoutLine: {'line': b'-- Found geometry_msgs: 4.9.1 (/opt/ros/humble/share/geometry_msgs/cmake)\n'}
[0.900822] (-) TimerEvent: {}
[0.958097] (stretch_web_teleop_provail) StdoutLine: {'line': b'-- Found rosidl_generator_c: 3.1.8 (/opt/ros/humble/share/rosidl_generator_c/cmake)\n'}
[0.972093] (stretch_web_teleop_provail) StdoutLine: {'line': b'-- Found rosidl_adapter: 3.1.8 (/opt/ros/humble/share/rosidl_adapter/cmake)\n'}
[0.990497] (stretch_web_teleop_provail) StdoutLine: {'line': b'-- Found rosidl_generator_cpp: 3.1.8 (/opt/ros/humble/share/rosidl_generator_cpp/cmake)\n'}
[1.000975] (-) TimerEvent: {}
[1.016237] (stretch_web_teleop_provail) StdoutLine: {'line': b'-- Using all available rosidl_typesupport_c: rosidl_typesupport_fastrtps_c;rosidl_typesupport_introspection_c\n'}
[1.050432] (stretch_web_teleop_provail) StdoutLine: {'line': b'-- Using all available rosidl_typesupport_cpp: rosidl_typesupport_fastrtps_cpp;rosidl_typesupport_introspection_cpp\n'}
[1.101116] (-) TimerEvent: {}
[1.112553] (stretch_web_teleop_provail) StdoutLine: {'line': b'-- Found rosbridge_server: 1.3.2 (/home/hello-robot/ament_ws/install/rosbridge_server/share/rosbridge_server/cmake)\n'}
[1.117406] (stretch_web_teleop_provail) StdoutLine: {'line': b'-- Found rosidl_default_generators: 1.2.0 (/opt/ros/humble/share/rosidl_default_generators/cmake)\n'}
[1.201232] (-) TimerEvent: {}
[1.301524] (-) TimerEvent: {}
[1.403233] (-) TimerEvent: {}
[1.504191] (-) TimerEvent: {}
[1.605342] (-) TimerEvent: {}
[1.710255] (-) TimerEvent: {}
[1.810526] (-) TimerEvent: {}
[1.910791] (-) TimerEvent: {}
[2.011043] (-) TimerEvent: {}
[2.111269] (-) TimerEvent: {}
[2.211540] (-) TimerEvent: {}
[2.311823] (-) TimerEvent: {}
[2.344928] (stretch_web_teleop_provail) StdoutLine: {'line': b'-- Found ament_cmake_ros: 0.10.0 (/opt/ros/humble/share/ament_cmake_ros/cmake)\n'}
[2.411965] (-) TimerEvent: {}
[2.512242] (-) TimerEvent: {}
[2.612525] (-) TimerEvent: {}
[2.712837] (-) TimerEvent: {}
[2.813163] (-) TimerEvent: {}
[2.913445] (-) TimerEvent: {}
[3.013740] (-) TimerEvent: {}
[3.114003] (-) TimerEvent: {}
[3.214309] (-) TimerEvent: {}
[3.314596] (-) TimerEvent: {}
[3.414862] (-) TimerEvent: {}
[3.515196] (-) TimerEvent: {}
[3.615463] (-) TimerEvent: {}
[3.715710] (-) TimerEvent: {}
[3.816008] (-) TimerEvent: {}
[3.916717] (-) TimerEvent: {}
[4.017007] (-) TimerEvent: {}
[4.083726] (stretch_web_teleop_provail) StdoutLine: {'line': b'-- Using all available rosidl_typesupport_c: rosidl_typesupport_fastrtps_c;rosidl_typesupport_introspection_c\n'}
[4.117130] (-) TimerEvent: {}
[4.217401] (-) TimerEvent: {}
[4.317679] (-) TimerEvent: {}
[4.417996] (-) TimerEvent: {}
[4.519135] (-) TimerEvent: {}
[4.619434] (-) TimerEvent: {}
[4.719747] (-) TimerEvent: {}
[4.820030] (-) TimerEvent: {}
[4.923219] (-) TimerEvent: {}
[4.957126] (stretch_web_teleop_provail) StdoutLine: {'line': b'-- Using all available rosidl_typesupport_cpp: rosidl_typesupport_fastrtps_cpp;rosidl_typesupport_introspection_cpp\n'}
[4.959986] (stretch_web_teleop_provail) StderrLine: {'line': b'\x1b[33mCMake Warning (dev) at /opt/ros/humble/share/rosidl_generator_py/cmake/rosidl_generator_py_generate_interfaces.cmake:20 (find_package):\n'}
[4.960195] (stretch_web_teleop_provail) StderrLine: {'line': b'  Policy CMP0148 is not set: The FindPythonInterp and FindPythonLibs modules\n'}
[4.960404] (stretch_web_teleop_provail) StderrLine: {'line': b'  are removed.  Run "cmake --help-policy CMP0148" for policy details.  Use\n'}
[4.960517] (stretch_web_teleop_provail) StderrLine: {'line': b'  the cmake_policy command to set the policy and suppress this warning.\n'}
[4.960617] (stretch_web_teleop_provail) StderrLine: {'line': b'\n'}
[4.960717] (stretch_web_teleop_provail) StderrLine: {'line': b'Call Stack (most recent call first):\n'}
[4.960814] (stretch_web_teleop_provail) StderrLine: {'line': b'  /opt/ros/humble/share/ament_cmake_core/cmake/core/ament_execute_extensions.cmake:48 (include)\n'}
[4.960909] (stretch_web_teleop_provail) StderrLine: {'line': b'  /opt/ros/humble/share/rosidl_cmake/cmake/rosidl_generate_interfaces.cmake:286 (ament_execute_extensions)\n'}
[4.961005] (stretch_web_teleop_provail) StderrLine: {'line': b'  CMakeLists.txt:21 (rosidl_generate_interfaces)\n'}
[4.961115] (stretch_web_teleop_provail) StderrLine: {'line': b'This warning is for project developers.  Use -Wno-dev to suppress it.\n'}
[4.961220] (stretch_web_teleop_provail) StderrLine: {'line': b'\x1b[0m\n'}
[5.023315] (-) TimerEvent: {}
[5.039174] (stretch_web_teleop_provail) StdoutLine: {'line': b'-- Found PythonInterp: /usr/bin/python3 (found suitable version "3.10.12", minimum required is "3.6") \n'}
[5.046206] (stretch_web_teleop_provail) StdoutLine: {'line': b'-- Found python_cmake_module: 0.10.0 (/opt/ros/humble/share/python_cmake_module/cmake)\n'}
[5.047214] (stretch_web_teleop_provail) StderrLine: {'line': b'\x1b[33mCMake Warning (dev) at /opt/ros/humble/share/python_cmake_module/cmake/Modules/FindPythonExtra.cmake:52 (find_package):\n'}
[5.047391] (stretch_web_teleop_provail) StderrLine: {'line': b'  Policy CMP0148 is not set: The FindPythonInterp and FindPythonLibs modules\n'}
[5.047616] (stretch_web_teleop_provail) StderrLine: {'line': b'  are removed.  Run "cmake --help-policy CMP0148" for policy details.  Use\n'}
[5.047739] (stretch_web_teleop_provail) StderrLine: {'line': b'  the cmake_policy command to set the policy and suppress this warning.\n'}
[5.047845] (stretch_web_teleop_provail) StderrLine: {'line': b'\n'}
[5.047950] (stretch_web_teleop_provail) StderrLine: {'line': b'Call Stack (most recent call first):\n'}
[5.048052] (stretch_web_teleop_provail) StderrLine: {'line': b'  /opt/ros/humble/share/rosidl_generator_py/cmake/rosidl_generator_py_generate_interfaces.cmake:23 (find_package)\n'}
[5.048172] (stretch_web_teleop_provail) StderrLine: {'line': b'  /opt/ros/humble/share/ament_cmake_core/cmake/core/ament_execute_extensions.cmake:48 (include)\n'}
[5.048289] (stretch_web_teleop_provail) StderrLine: {'line': b'  /opt/ros/humble/share/rosidl_cmake/cmake/rosidl_generate_interfaces.cmake:286 (ament_execute_extensions)\n'}
[5.048390] (stretch_web_teleop_provail) StderrLine: {'line': b'  CMakeLists.txt:21 (rosidl_generate_interfaces)\n'}
[5.048490] (stretch_web_teleop_provail) StderrLine: {'line': b'This warning is for project developers.  Use -Wno-dev to suppress it.\n'}
[5.048594] (stretch_web_teleop_provail) StderrLine: {'line': b'\x1b[0m\n'}
[5.123411] (-) TimerEvent: {}
[5.128114] (stretch_web_teleop_provail) StderrLine: {'line': b'\x1b[33mCMake Warning (dev) at /opt/ros/humble/share/python_cmake_module/cmake/Modules/FindPythonExtra.cmake:140 (find_package):\n'}
[5.128308] (stretch_web_teleop_provail) StderrLine: {'line': b'  Policy CMP0148 is not set: The FindPythonInterp and FindPythonLibs modules\n'}
[5.128418] (stretch_web_teleop_provail) StderrLine: {'line': b'  are removed.  Run "cmake --help-policy CMP0148" for policy details.  Use\n'}
[5.128522] (stretch_web_teleop_provail) StderrLine: {'line': b'  the cmake_policy command to set the policy and suppress this warning.\n'}
[5.128618] (stretch_web_teleop_provail) StderrLine: {'line': b'\n'}
[5.128721] (stretch_web_teleop_provail) StderrLine: {'line': b'Call Stack (most recent call first):\n'}
[5.128823] (stretch_web_teleop_provail) StderrLine: {'line': b'  /opt/ros/humble/share/rosidl_generator_py/cmake/rosidl_generator_py_generate_interfaces.cmake:23 (find_package)\n'}
[5.132116] (stretch_web_teleop_provail) StderrLine: {'line': b'  /opt/ros/humble/share/ament_cmake_core/cmake/core/ament_execute_extensions.cmake:48 (include)\n'}
[5.132297] (stretch_web_teleop_provail) StderrLine: {'line': b'  /opt/ros/humble/share/rosidl_cmake/cmake/rosidl_generate_interfaces.cmake:286 (ament_execute_extensions)\n'}
[5.132417] (stretch_web_teleop_provail) StderrLine: {'line': b'  CMakeLists.txt:21 (rosidl_generate_interfaces)\n'}
[5.134054] (stretch_web_teleop_provail) StderrLine: {'line': b'This warning is for project developers.  Use -Wno-dev to suppress it.\n'}
[5.134220] (stretch_web_teleop_provail) StderrLine: {'line': b'\x1b[0m\n'}
[5.146757] (stretch_web_teleop_provail) StdoutLine: {'line': b'-- Found PythonLibs: /usr/lib/x86_64-linux-gnu/libpython3.10.so (found suitable version "3.10.12", minimum required is "3.5") \n'}
[5.146945] (stretch_web_teleop_provail) StdoutLine: {'line': b'-- Using PYTHON_EXECUTABLE: /usr/bin/python3\n'}
[5.147054] (stretch_web_teleop_provail) StdoutLine: {'line': b'-- Using PYTHON_INCLUDE_DIRS: /usr/include/python3.10\n'}
[5.147172] (stretch_web_teleop_provail) StdoutLine: {'line': b'-- Using PYTHON_LIBRARIES: /usr/lib/x86_64-linux-gnu/libpython3.10.so\n'}
[5.223508] (-) TimerEvent: {}
[5.230814] (stretch_web_teleop_provail) StdoutLine: {'line': b'-- Found PythonExtra: .so  \n'}
[5.323605] (-) TimerEvent: {}
[5.423879] (-) TimerEvent: {}
[5.523900] (stretch_web_teleop_provail) StdoutLine: {'line': b'-- Configuring done (5.5s)\n'}
[5.524095] (-) TimerEvent: {}
[5.624465] (-) TimerEvent: {}
[5.634027] (stretch_web_teleop_provail) StdoutLine: {'line': b'-- Generating done (0.1s)\n'}
[5.662324] (stretch_web_teleop_provail) StdoutLine: {'line': b'-- Build files have been written to: /home/hello-robot/provail_ws/src/stretch_web_teleop_provail/build/stretch_web_teleop_provail\n'}
[5.690579] (stretch_web_teleop_provail) CommandEnded: {'returncode': 0}
[5.691105] (stretch_web_teleop_provail) JobProgress: {'identifier': 'stretch_web_teleop_provail', 'progress': 'build'}
[5.691147] (stretch_web_teleop_provail) Command: {'cmd': ['/usr/local/bin/cmake', '--build', '/home/hello-robot/provail_ws/src/stretch_web_teleop_provail/build/stretch_web_teleop_provail', '--', '-j8', '-l8'], 'cwd': '/home/hello-robot/provail_ws/src/stretch_web_teleop_provail/build/stretch_web_teleop_provail', 'env': OrderedDict([('HELLO_FLEET_ID', 'stretch-re2-2049'), ('LESSOPEN', '| /usr/bin/lesspipe %s'), ('USER', 'hello-robot'), ('SSH_CLIENT', '10.18.96.65 60378 22'), ('XDG_SESSION_TYPE', 'tty'), ('GIT_ASKPASS', '/home/hello-robot/.vscode-server/cli/servers/Stable-ffa3c3f656c8df32d894e5f4d3673284d424205e/server/extensions/git/dist/askpass.sh'), ('HELLO_FLEET_PATH', '/home/hello-robot/stretch_user'), ('SHLVL', '2'), ('LD_LIBRARY_PATH', '/home/hello-robot/provail_ws/install/stretch_web_teleop/lib:/home/hello-robot/ament_ws/install/tf2_web_republisher/lib:/home/hello-robot/ament_ws/install/stretch_web_teleop/lib:/home/hello-robot/ament_ws/install/speech_recognition_msgs/lib:/home/hello-robot/ament_ws/install/sound_play_msgs/lib:/home/hello-robot/ament_ws/install/rosbridge_test_msgs/lib:/home/hello-robot/ament_ws/install/rosbridge_msgs/lib:/home/hello-robot/ament_ws/install/rosapi_msgs/lib:/home/hello-robot/ament_ws/install/realsense2_camera/lib:/home/hello-robot/ament_ws/install/realsense2_camera_msgs/lib:/home/hello-robot/ament_ws/install/audio_play/lib:/home/hello-robot/ament_ws/install/audio_capture/lib:/home/hello-robot/ament_ws/install/audio_common_msgs/lib:/usr/lib/x86_64-linux-gnu/gazebo-11/plugins:/opt/ros/humble/opt/rviz_ogre_vendor/lib:/opt/ros/humble/lib/x86_64-linux-gnu:/opt/ros/humble/lib'), ('BROWSER', '/home/hello-robot/.vscode-server/cli/servers/Stable-ffa3c3f656c8df32d894e5f4d3673284d424205e/server/bin/helpers/browser.sh'), ('MOTD_SHOWN', 'pam'), ('HOME', '/home/hello-robot'), ('OLDPWD', '/home/hello-robot/provail_ws'), ('TERM_PROGRAM_VERSION', '1.123.1'), ('VSCODE_IPC_HOOK_CLI', '/run/user/1000/vscode-ipc-a4c022f9-0e9c-4d40-a52a-c14839825212.sock'), ('ROS_PYTHON_VERSION', '3'), ('VSCODE_GIT_ASKPASS_MAIN', '/home/hello-robot/.vscode-server/cli/servers/Stable-ffa3c3f656c8df32d894e5f4d3673284d424205e/server/extensions/git/dist/askpass-main.js'), ('VSCODE_GIT_ASKPASS_NODE', '/home/hello-robot/.vscode-server/cli/servers/Stable-ffa3c3f656c8df32d894e5f4d3673284d424205e/server/node'), ('VSCODE_PYTHON_AUTOACTIVATE_GUARD', '1'), ('DBUS_SESSION_BUS_ADDRESS', 'unix:path=/run/user/1000/bus'), ('COLORTERM', 'truecolor'), ('COLCON_PREFIX_PATH', '/home/hello-robot/provail_ws/install:/home/hello-robot/ament_ws/install'), ('ROS_DISTRO', 'humble'), ('LOGNAME', 'hello-robot'), ('_', '/usr/bin/colcon'), ('ROS_VERSION', '2'), ('CLAUDE_CODE_SSE_PORT', '59242'), ('XDG_SESSION_CLASS', 'user'), ('TERM', 'xterm-256color'), ('XDG_SESSION_ID', '5'), ('ROS_LOCALHOST_ONLY', '0'), ('PATH', '/home/hello-robot/ament_ws/install/audio_play/bin:/home/hello-robot/ament_ws/install/audio_capture/bin:/opt/ros/humble/bin:/home/hello-robot/.vscode-server/data/User/globalStorage/github.copilot-chat/debugCommand:/home/hello-robot/.vscode-server/data/User/globalStorage/github.copilot-chat/copilotCli:/home/hello-robot/.vscode-server/cli/servers/Stable-ffa3c3f656c8df32d894e5f4d3673284d424205e/server/bin/remote-cli:/home/hello-robot/.local/bin:/usr/local/sbin:/usr/local/bin:/usr/sbin:/usr/bin:/sbin:/bin:/usr/games:/usr/local/games:/snap/bin:/home/hello-robot/.local/bin'), ('XDG_RUNTIME_DIR', '/run/user/1000'), ('LANG', 'en_US.UTF-8'), ('RMW_IMPLEMENTATION', 'rmw_cyclonedds_cpp'), ('LS_COLORS', 'rs=0:di=01;34:ln=01;36:mh=00:pi=40;33:so=01;35:do=01;35:bd=40;33;01:cd=40;33;01:or=40;31;01:mi=00:su=37;41:sg=30;43:ca=30;41:tw=30;42:ow=34;42:st=37;44:ex=01;32:*.tar=01;31:*.tgz=01;31:*.arc=01;31:*.arj=01;31:*.taz=01;31:*.lha=01;31:*.lz4=01;31:*.lzh=01;31:*.lzma=01;31:*.tlz=01;31:*.txz=01;31:*.tzo=01;31:*.t7z=01;31:*.zip=01;31:*.z=01;31:*.dz=01;31:*.gz=01;31:*.lrz=01;31:*.lz=01;31:*.lzo=01;31:*.xz=01;31:*.zst=01;31:*.tzst=01;31:*.bz2=01;31:*.bz=01;31:*.tbz=01;31:*.tbz2=01;31:*.tz=01;31:*.deb=01;31:*.rpm=01;31:*.jar=01;31:*.war=01;31:*.ear=01;31:*.sar=01;31:*.rar=01;31:*.alz=01;31:*.ace=01;31:*.zoo=01;31:*.cpio=01;31:*.7z=01;31:*.rz=01;31:*.cab=01;31:*.wim=01;31:*.swm=01;31:*.dwm=01;31:*.esd=01;31:*.jpg=01;35:*.jpeg=01;35:*.mjpg=01;35:*.mjpeg=01;35:*.gif=01;35:*.bmp=01;35:*.pbm=01;35:*.pgm=01;35:*.ppm=01;35:*.tga=01;35:*.xbm=01;35:*.xpm=01;35:*.tif=01;35:*.tiff=01;35:*.png=01;35:*.svg=01;35:*.svgz=01;35:*.mng=01;35:*.pcx=01;35:*.mov=01;35:*.mpg=01;35:*.mpeg=01;35:*.m2v=01;35:*.mkv=01;35:*.webm=01;35:*.webp=01;35:*.ogm=01;35:*.mp4=01;35:*.m4v=01;35:*.mp4v=01;35:*.vob=01;35:*.qt=01;35:*.nuv=01;35:*.wmv=01;35:*.asf=01;35:*.rm=01;35:*.rmvb=01;35:*.flc=01;35:*.avi=01;35:*.fli=01;35:*.flv=01;35:*.gl=01;35:*.dl=01;35:*.xcf=01;35:*.xwd=01;35:*.yuv=01;35:*.cgm=01;35:*.emf=01;35:*.ogv=01;35:*.ogx=01;35:*.aac=00;36:*.au=00;36:*.flac=00;36:*.m4a=00;36:*.mid=00;36:*.midi=00;36:*.mka=00;36:*.mp3=00;36:*.mpc=00;36:*.ogg=00;36:*.ra=00;36:*.wav=00;36:*.oga=00;36:*.opus=00;36:*.spx=00;36:*.xspf=00;36:'), ('VSCODE_GIT_IPC_HANDLE', '/run/user/1000/vscode-git-a969dccb53.sock'), ('TERM_PROGRAM', 'vscode'), ('ROS_DOMAIN_ID', '7'), ('AMENT_PREFIX_PATH', '/home/hello-robot/provail_ws/install/stretch_web_teleop:/home/hello-robot/ament_ws/install/tf2_web_republisher_py:/home/hello-robot/ament_ws/install/tf2_web_republisher:/home/hello-robot/ament_ws/install/stretch_web_teleop:/home/hello-robot/ament_ws/install/stretch_simulation:/home/hello-robot/ament_ws/install/stretch_rtabmap:/home/hello-robot/ament_ws/install/stretch_ros_tutorials:/home/hello-robot/ament_ws/install/stretch_nav2:/home/hello-robot/ament_ws/install/stretch_funmap:/home/hello-robot/ament_ws/install/stretch_calibration:/home/hello-robot/ament_ws/install/stretch_description:/home/hello-robot/ament_ws/install/stretch_demos:/home/hello-robot/ament_ws/install/stretch_deep_perception:/home/hello-robot/ament_ws/install/stretch_core:/home/hello-robot/ament_ws/install/respeaker_ros2:/home/hello-robot/ament_ws/install/speech_recognition_msgs:/home/hello-robot/ament_ws/install/sound_play_msgs:/home/hello-robot/ament_ws/install/audio_common:/home/hello-robot/ament_ws/install/sound_play:/home/hello-robot/ament_ws/install/sllidar_ros2:/home/hello-robot/ament_ws/install/rosbridge_test_msgs:/home/hello-robot/ament_ws/install/rosbridge_suite:/home/hello-robot/ament_ws/install/rosbridge_server:/home/hello-robot/ament_ws/install/rosbridge_msgs:/home/hello-robot/ament_ws/install/rosapi:/home/hello-robot/ament_ws/install/rosbridge_library:/home/hello-robot/ament_ws/install/rosapi_msgs:/home/hello-robot/ament_ws/install/ros2_numpy:/home/hello-robot/ament_ws/install/realsense2_description:/home/hello-robot/ament_ws/install/realsense2_camera:/home/hello-robot/ament_ws/install/realsense2_camera_msgs:/home/hello-robot/ament_ws/install/hello_helpers:/home/hello-robot/ament_ws/install/audio_play:/home/hello-robot/ament_ws/install/audio_capture:/home/hello-robot/ament_ws/install/audio_common_msgs:/opt/ros/humble'), ('LRS_LOG_LEVEL', 'None'), ('SHELL', '/bin/bash'), ('LESSCLOSE', '/usr/bin/lesspipe %s %s'), ('VSCODE_GIT_ASKPASS_EXTRA_ARGS', ''), ('PWD', '/home/hello-robot/provail_ws/src/stretch_web_teleop_provail/build/stretch_web_teleop_provail'), ('LC_ALL', 'en_US.UTF-8'), ('COPILOT_DEBUG_NONCE', 'faee63382408a22e407252406e8957d4'), ('SSH_CONNECTION', '10.18.96.65 60378 172.28.7.121 22'), ('XDG_DATA_DIRS', '/usr/share/gnome:/usr/local/share:/usr/share:/var/lib/snapd/desktop'), ('PYTHONPATH', '/home/hello-robot/provail_ws/install/stretch_web_teleop/local/lib/python3.10/dist-packages:/home/hello-robot/ament_ws/build/tf2_web_republisher_py:/home/hello-robot/ament_ws/install/tf2_web_republisher_py/lib/python3.10/site-packages:/home/hello-robot/ament_ws/install/tf2_web_republisher/local/lib/python3.10/dist-packages:/home/hello-robot/ament_ws/install/stretch_web_teleop/local/lib/python3.10/dist-packages:/home/hello-robot/ament_ws/build/stretch_simulation:/home/hello-robot/ament_ws/install/stretch_simulation/lib/python3.10/site-packages:/home/hello-robot/ament_ws/build/stretch_ros_tutorials:/home/hello-robot/ament_ws/install/stretch_ros_tutorials/lib/python3.10/site-packages:/home/hello-robot/ament_ws/install/stretch_nav2/local/lib/python3.10/dist-packages:/home/hello-robot/ament_ws/build/stretch_funmap:/home/hello-robot/ament_ws/install/stretch_funmap/lib/python3.10/site-packages:/home/hello-robot/ament_ws/build/stretch_calibration:/home/hello-robot/ament_ws/install/stretch_calibration/lib/python3.10/site-packages:/home/hello-robot/ament_ws/build/stretch_demos:/home/hello-robot/ament_ws/install/stretch_demos/lib/python3.10/site-packages:/home/hello-robot/ament_ws/build/stretch_deep_perception:/home/hello-robot/ament_ws/install/stretch_deep_perception/lib/python3.10/site-packages:/home/hello-robot/ament_ws/build/stretch_core:/home/hello-robot/ament_ws/install/stretch_core/lib/python3.10/site-packages:/home/hello-robot/ament_ws/build/respeaker_ros2:/home/hello-robot/ament_ws/install/respeaker_ros2/lib/python3.10/site-packages:/home/hello-robot/ament_ws/install/speech_recognition_msgs/local/lib/python3.10/dist-packages:/home/hello-robot/ament_ws/install/sound_play_msgs/local/lib/python3.10/dist-packages:/home/hello-robot/ament_ws/install/sound_play/local/lib/python3.10/dist-packages:/home/hello-robot/ament_ws/install/rosbridge_test_msgs/local/lib/python3.10/dist-packages:/home/hello-robot/ament_ws/install/rosbridge_server/local/lib/python3.10/dist-packages:/home/hello-robot/ament_ws/install/rosbridge_msgs/local/lib/python3.10/dist-packages:/home/hello-robot/ament_ws/install/rosapi/local/lib/python3.10/dist-packages:/home/hello-robot/ament_ws/install/rosbridge_library/local/lib/python3.10/dist-packages:/home/hello-robot/ament_ws/install/rosapi_msgs/local/lib/python3.10/dist-packages:/home/hello-robot/ament_ws/install/ros2_numpy/local/lib/python3.10/dist-packages:/home/hello-robot/ament_ws/install/realsense2_camera_msgs/local/lib/python3.10/dist-packages:/home/hello-robot/ament_ws/build/hello_helpers/src:/home/hello-robot/ament_ws/install/hello_helpers/lib/python3.10/site-packages:/home/hello-robot/ament_ws/install/audio_common_msgs/local/lib/python3.10/dist-packages:/opt/ros/humble/lib/python3.10/site-packages:/opt/ros/humble/local/lib/python3.10/dist-packages'), ('COLCON', '1'), ('CMAKE_PREFIX_PATH', '/home/hello-robot/provail_ws/install/stretch_web_teleop:/home/hello-robot/ament_ws/install/tf2_web_republisher:/home/hello-robot/ament_ws/install/stretch_web_teleop:/home/hello-robot/ament_ws/install/stretch_rtabmap:/home/hello-robot/ament_ws/install/stretch_nav2:/home/hello-robot/ament_ws/install/stretch_description:/home/hello-robot/ament_ws/install/speech_recognition_msgs:/home/hello-robot/ament_ws/install/sound_play_msgs:/home/hello-robot/ament_ws/install/audio_common:/home/hello-robot/ament_ws/install/sound_play:/home/hello-robot/ament_ws/install/sllidar_ros2:/home/hello-robot/ament_ws/install/rosbridge_test_msgs:/home/hello-robot/ament_ws/install/rosbridge_suite:/home/hello-robot/ament_ws/install/rosbridge_server:/home/hello-robot/ament_ws/install/rosbridge_msgs:/home/hello-robot/ament_ws/install/rosapi:/home/hello-robot/ament_ws/install/rosbridge_library:/home/hello-robot/ament_ws/install/rosapi_msgs:/home/hello-robot/ament_ws/install/ros2_numpy:/home/hello-robot/ament_ws/install/realsense2_description:/home/hello-robot/ament_ws/install/realsense2_camera:/home/hello-robot/ament_ws/install/realsense2_camera_msgs:/home/hello-robot/ament_ws/install/audio_play:/home/hello-robot/ament_ws/install/audio_capture:/home/hello-robot/ament_ws/install/audio_common_msgs:/home/hello-robot/ament_ws/install/tf2_web_republisher_py:/home/hello-robot/ament_ws/install/stretch_simulation:/home/hello-robot/ament_ws/install/stretch_ros_tutorials:/home/hello-robot/ament_ws/install/stretch_funmap:/home/hello-robot/ament_ws/install/stretch_calibration:/home/hello-robot/ament_ws/install/stretch_demos:/home/hello-robot/ament_ws/install/stretch_deep_perception:/home/hello-robot/ament_ws/install/stretch_core:/home/hello-robot/ament_ws/install/respeaker_ros2:/home/hello-robot/ament_ws/install/hello_helpers:/opt/ros/humble')]), 'shell': False}
[5.724553] (-) TimerEvent: {}
[5.819177] (stretch_web_teleop_provail) StdoutLine: {'line': b'[  2%] \x1b[34m\x1b[1mGenerating C code for ROS interfaces\x1b[0m\n'}
[5.836260] (stretch_web_teleop_provail) StdoutLine: {'line': b'[  5%] \x1b[34m\x1b[1mGenerating C++ code for ROS interfaces\x1b[0m\n'}
[5.836458] (-) TimerEvent: {}
[5.838160] (stretch_web_teleop_provail) StdoutLine: {'line': b'[  5%] Built target ament_cmake_python_copy_stretch_web_teleop_provail\n'}
[5.844209] (stretch_web_teleop_provail) StdoutLine: {'line': b'[  5%] Built target ament_cmake_python_copy_stretch_web_teleop_provail_helpers\n'}
[5.941128] (-) TimerEvent: {}
[6.042392] (-) TimerEvent: {}
[6.142709] (-) TimerEvent: {}
[6.242989] (-) TimerEvent: {}
[6.343270] (-) TimerEvent: {}
[6.444237] (-) TimerEvent: {}
[6.544598] (-) TimerEvent: {}
[6.645508] (-) TimerEvent: {}
[6.745821] (-) TimerEvent: {}
[6.845144] (stretch_web_teleop_provail) StderrLine: {'line': b'/home/hello-robot/.local/lib/python3.10/site-packages/setuptools_scm/_integration/setuptools.py:66: RuntimeWarning: \n'}
[6.845344] (stretch_web_teleop_provail) StderrLine: {'line': b'ERROR: setuptools==59.6.0 is used in combination with setuptools-scm>=8.x\n'}
[6.845481] (stretch_web_teleop_provail) StderrLine: {'line': b'\n'}
[6.845586] (stretch_web_teleop_provail) StderrLine: {'line': b'Your build configuration is incomplete and previously worked by accident!\n'}
[6.845682] (stretch_web_teleop_provail) StderrLine: {'line': b'setuptools-scm requires setuptools>=61 (recommended: >=80)\n'}
[6.845779] (stretch_web_teleop_provail) StderrLine: {'line': b'\n'}
[6.845869] (-) TimerEvent: {}
[6.846048] (stretch_web_teleop_provail) StderrLine: {'line': b'Suggested workaround if applicable:\n'}
[6.846172] (stretch_web_teleop_provail) StderrLine: {'line': b' - migrating from the deprecated setup_requires mechanism to pep517/518\n'}
[6.846275] (stretch_web_teleop_provail) StderrLine: {'line': b'   and using a pyproject.toml to declare build dependencies\n'}
[6.846365] (stretch_web_teleop_provail) StderrLine: {'line': b'   which are reliably pre-installed before running the build tools\n'}
[6.846454] (stretch_web_teleop_provail) StderrLine: {'line': b'\n'}
[6.846546] (stretch_web_teleop_provail) StderrLine: {'line': b'  warnings.warn(\n'}
[6.848199] (stretch_web_teleop_provail) StderrLine: {'line': b'/home/hello-robot/.local/lib/python3.10/site-packages/setuptools_scm/_integration/setuptools.py:66: RuntimeWarning: \n'}
[6.848374] (stretch_web_teleop_provail) StderrLine: {'line': b'ERROR: setuptools==59.6.0 is used in combination with setuptools-scm>=8.x\n'}
[6.848494] (stretch_web_teleop_provail) StderrLine: {'line': b'\n'}
[6.848598] (stretch_web_teleop_provail) StderrLine: {'line': b'Your build configuration is incomplete and previously worked by accident!\n'}
[6.848705] (stretch_web_teleop_provail) StderrLine: {'line': b'setuptools-scm requires setuptools>=61 (recommended: >=80)\n'}
[6.848806] (stretch_web_teleop_provail) StderrLine: {'line': b'\n'}
[6.848910] (stretch_web_teleop_provail) StderrLine: {'line': b'Suggested workaround if applicable:\n'}
[6.849016] (stretch_web_teleop_provail) StderrLine: {'line': b' - migrating from the deprecated setup_requires mechanism to pep517/518\n'}
[6.849130] (stretch_web_teleop_provail) StderrLine: {'line': b'   and using a pyproject.toml to declare build dependencies\n'}
[6.849241] (stretch_web_teleop_provail) StderrLine: {'line': b'   which are reliably pre-installed before running the build tools\n'}
[6.849345] (stretch_web_teleop_provail) StderrLine: {'line': b'\n'}
[6.849449] (stretch_web_teleop_provail) StderrLine: {'line': b'  warnings.warn(\n'}
[6.946964] (-) TimerEvent: {}
[6.973153] (stretch_web_teleop_provail) StdoutLine: {'line': b'running egg_info\n'}
[6.973409] (stretch_web_teleop_provail) StdoutLine: {'line': b'creating stretch_web_teleop_provail_helpers.egg-info\n'}
[6.974390] (stretch_web_teleop_provail) StdoutLine: {'line': b'writing stretch_web_teleop_provail_helpers.egg-info/PKG-INFO\n'}
[6.975057] (stretch_web_teleop_provail) StdoutLine: {'line': b'writing dependency_links to stretch_web_teleop_provail_helpers.egg-info/dependency_links.txt\n'}
[6.975710] (stretch_web_teleop_provail) StdoutLine: {'line': b'writing top-level names to stretch_web_teleop_provail_helpers.egg-info/top_level.txt\n'}
[6.976658] (stretch_web_teleop_provail) StdoutLine: {'line': b'running egg_info\n'}
[6.978035] (stretch_web_teleop_provail) StdoutLine: {'line': b"writing manifest file 'stretch_web_teleop_provail_helpers.egg-info/SOURCES.txt'\n"}
[6.979052] (stretch_web_teleop_provail) StdoutLine: {'line': b'creating stretch_web_teleop_provail.egg-info\n'}
[6.979302] (stretch_web_teleop_provail) StdoutLine: {'line': b'writing stretch_web_teleop_provail.egg-info/PKG-INFO\n'}
[6.979981] (stretch_web_teleop_provail) StdoutLine: {'line': b'writing dependency_links to stretch_web_teleop_provail.egg-info/dependency_links.txt\n'}
[6.980602] (stretch_web_teleop_provail) StdoutLine: {'line': b'writing top-level names to stretch_web_teleop_provail.egg-info/top_level.txt\n'}
[6.982584] (stretch_web_teleop_provail) StdoutLine: {'line': b"writing manifest file 'stretch_web_teleop_provail.egg-info/SOURCES.txt'\n"}
[7.047451] (-) TimerEvent: {}
[7.148091] (-) TimerEvent: {}
[7.188206] (stretch_web_teleop_provail) StderrLine: {'line': b'/home/hello-robot/.local/lib/python3.10/site-packages/vcs_versioning/overrides.py:609: UserWarning: No GlobalOverrides context is active. Auto-creating one with SETUPTOOLS_SCM prefix for backwards compatibility. Consider using \'with GlobalOverrides.from_env("YOUR_TOOL"):\' explicitly.\n'}
[7.188409] (stretch_web_teleop_provail) StderrLine: {'line': b'  return get_active_overrides().subprocess_timeout\n'}
[7.216302] (stretch_web_teleop_provail) StderrLine: {'line': b'/home/hello-robot/.local/lib/python3.10/site-packages/vcs_versioning/overrides.py:609: UserWarning: No GlobalOverrides context is active. Auto-creating one with SETUPTOOLS_SCM prefix for backwards compatibility. Consider using \'with GlobalOverrides.from_env("YOUR_TOOL"):\' explicitly.\n'}
[7.216518] (stretch_web_teleop_provail) StderrLine: {'line': b'  return get_active_overrides().subprocess_timeout\n'}
[7.248169] (-) TimerEvent: {}
[7.320279] (stretch_web_teleop_provail) StdoutLine: {'line': b'[  5%] Built target stretch_web_teleop_provail__cpp\n'}
[7.332838] (stretch_web_teleop_provail) StdoutLine: {'line': b'[  7%] \x1b[34m\x1b[1mGenerating C++ type support dispatch for ROS interfaces\x1b[0m\n'}
[7.336598] (stretch_web_teleop_provail) StdoutLine: {'line': b'[ 10%] \x1b[34m\x1b[1mGenerating C++ type support for eProsima Fast-RTPS\x1b[0m\n'}
[7.339723] (stretch_web_teleop_provail) StdoutLine: {'line': b'[ 12%] \x1b[34m\x1b[1mGenerating C++ introspection for ROS interfaces\x1b[0m\n'}
[7.348261] (-) TimerEvent: {}
[7.355302] (stretch_web_teleop_provail) StdoutLine: {'line': b'[ 15%] \x1b[32mBuilding C object CMakeFiles/stretch_web_teleop_provail__rosidl_generator_c.dir/rosidl_generator_c/stretch_web_teleop_provail/action/detail/move_to_pregrasp__functions.c.o\x1b[0m\n'}
[7.356500] (stretch_web_teleop_provail) StdoutLine: {'line': b'[ 17%] \x1b[32mBuilding C object CMakeFiles/stretch_web_teleop_provail__rosidl_generator_c.dir/rosidl_generator_c/stretch_web_teleop_provail/msg/detail/text_to_speech__functions.c.o\x1b[0m\n'}
[7.449242] (-) TimerEvent: {}
[7.549540] (-) TimerEvent: {}
[7.657127] (-) TimerEvent: {}
[7.759141] (-) TimerEvent: {}
[7.859598] (-) TimerEvent: {}
[7.939456] (stretch_web_teleop_provail) StdoutLine: {'line': b'[ 20%] \x1b[32m\x1b[1mLinking C shared library libstretch_web_teleop_provail__rosidl_generator_c.so\x1b[0m\n'}
[7.959704] (-) TimerEvent: {}
[8.020267] (stretch_web_teleop_provail) StdoutLine: {'line': b'[ 20%] Built target stretch_web_teleop_provail__rosidl_generator_c\n'}
[8.039965] (stretch_web_teleop_provail) StdoutLine: {'line': b'[ 23%] \x1b[34m\x1b[1mGenerating C type support for eProsima Fast-RTPS\x1b[0m\n'}
[8.053872] (stretch_web_teleop_provail) StdoutLine: {'line': b'[ 25%] \x1b[34m\x1b[1mGenerating C type support dispatch for ROS interfaces\x1b[0m\n'}
[8.059791] (-) TimerEvent: {}
[8.071116] (stretch_web_teleop_provail) StdoutLine: {'line': b'[ 28%] \x1b[34m\x1b[1mGenerating C introspection for ROS interfaces\x1b[0m\n'}
[8.160479] (-) TimerEvent: {}
[8.260920] (-) TimerEvent: {}
[8.364126] (-) TimerEvent: {}
[8.466516] (-) TimerEvent: {}
[8.523639] (stretch_web_teleop_provail) StdoutLine: {'line': b"reading manifest file 'stretch_web_teleop_provail_helpers.egg-info/SOURCES.txt'\n"}
[8.526510] (stretch_web_teleop_provail) StdoutLine: {'line': b"writing manifest file 'stretch_web_teleop_provail_helpers.egg-info/SOURCES.txt'\n"}
[8.566610] (-) TimerEvent: {}
[8.623555] (stretch_web_teleop_provail) StdoutLine: {'line': b'[ 28%] Built target ament_cmake_python_build_stretch_web_teleop_provail_helpers_egg\n'}
[8.666704] (-) TimerEvent: {}
[8.708331] (stretch_web_teleop_provail) StdoutLine: {'line': b"reading manifest file 'stretch_web_teleop_provail.egg-info/SOURCES.txt'\n"}
[8.709203] (stretch_web_teleop_provail) StdoutLine: {'line': b"writing manifest file 'stretch_web_teleop_provail.egg-info/SOURCES.txt'\n"}
[8.769070] (-) TimerEvent: {}
[8.781048] (stretch_web_teleop_provail) StdoutLine: {'line': b'[ 28%] Built target ament_cmake_python_build_stretch_web_teleop_provail_egg\n'}
[8.801121] (stretch_web_teleop_provail) StdoutLine: {'line': b'[ 30%] \x1b[32mBuilding CXX object CMakeFiles/stretch_web_teleop_provail__rosidl_typesupport_cpp.dir/rosidl_typesupport_cpp/stretch_web_teleop_provail/action/move_to_pregrasp__type_support.cpp.o\x1b[0m\n'}
[8.801820] (stretch_web_teleop_provail) StdoutLine: {'line': b'[ 33%] \x1b[32mBuilding CXX object CMakeFiles/stretch_web_teleop_provail__rosidl_typesupport_cpp.dir/rosidl_typesupport_cpp/stretch_web_teleop_provail/msg/text_to_speech__type_support.cpp.o\x1b[0m\n'}
[8.869123] (-) TimerEvent: {}
[8.969386] (-) TimerEvent: {}
[9.069665] (-) TimerEvent: {}
[9.087309] (stretch_web_teleop_provail) StdoutLine: {'line': b'[ 35%] \x1b[32mBuilding CXX object CMakeFiles/stretch_web_teleop_provail__rosidl_typesupport_introspection_cpp.dir/rosidl_typesupport_introspection_cpp/stretch_web_teleop_provail/action/detail/move_to_pregrasp__type_support.cpp.o\x1b[0m\n'}
[9.096832] (stretch_web_teleop_provail) StdoutLine: {'line': b'[ 38%] \x1b[32mBuilding CXX object CMakeFiles/stretch_web_teleop_provail__rosidl_typesupport_introspection_cpp.dir/rosidl_typesupport_introspection_cpp/stretch_web_teleop_provail/msg/detail/text_to_speech__type_support.cpp.o\x1b[0m\n'}
[9.170120] (-) TimerEvent: {}
[9.249660] (stretch_web_teleop_provail) StdoutLine: {'line': b'[ 41%] \x1b[32mBuilding CXX object CMakeFiles/stretch_web_teleop_provail__rosidl_typesupport_fastrtps_cpp.dir/rosidl_typesupport_fastrtps_cpp/stretch_web_teleop_provail/action/detail/dds_fastrtps/move_to_pregrasp__type_support.cpp.o\x1b[0m\n'}
[9.271266] (-) TimerEvent: {}
[9.293181] (stretch_web_teleop_provail) StdoutLine: {'line': b'[ 43%] \x1b[32mBuilding CXX object CMakeFiles/stretch_web_teleop_provail__rosidl_typesupport_c.dir/rosidl_typesupport_c/stretch_web_teleop_provail/action/move_to_pregrasp__type_support.cpp.o\x1b[0m\n'}
[9.371362] (-) TimerEvent: {}
[9.471668] (-) TimerEvent: {}
[9.489436] (stretch_web_teleop_provail) StdoutLine: {'line': b'[ 46%] \x1b[32mBuilding CXX object CMakeFiles/stretch_web_teleop_provail__rosidl_typesupport_c.dir/rosidl_typesupport_c/stretch_web_teleop_provail/msg/text_to_speech__type_support.cpp.o\x1b[0m\n'}
[9.581248] (-) TimerEvent: {}
[9.614369] (stretch_web_teleop_provail) StdoutLine: {'line': b'[ 48%] \x1b[32m\x1b[1mLinking CXX shared library libstretch_web_teleop_provail__rosidl_typesupport_c.so\x1b[0m\n'}
[9.685138] (-) TimerEvent: {}
[9.758604] (stretch_web_teleop_provail) StdoutLine: {'line': b'[ 48%] Built target stretch_web_teleop_provail__rosidl_typesupport_c\n'}
[9.777978] (stretch_web_teleop_provail) StdoutLine: {'line': b'[ 51%] \x1b[32mBuilding CXX object CMakeFiles/stretch_web_teleop_provail__rosidl_typesupport_fastrtps_cpp.dir/rosidl_typesupport_fastrtps_cpp/stretch_web_teleop_provail/msg/detail/dds_fastrtps/text_to_speech__type_support.cpp.o\x1b[0m\n'}
[9.786629] (-) TimerEvent: {}
[9.886915] (-) TimerEvent: {}
[9.951009] (stretch_web_teleop_provail) StdoutLine: {'line': b'[ 56%] \x1b[32mBuilding CXX object CMakeFiles/stretch_web_teleop_provail__rosidl_typesupport_fastrtps_c.dir/rosidl_typesupport_fastrtps_c/stretch_web_teleop_provail/msg/detail/text_to_speech__type_support_c.cpp.o\x1b[0m\n'}
[9.961425] (stretch_web_teleop_provail) StdoutLine: {'line': b'[ 56%] \x1b[32mBuilding CXX object CMakeFiles/stretch_web_teleop_provail__rosidl_typesupport_fastrtps_c.dir/rosidl_typesupport_fastrtps_c/stretch_web_teleop_provail/action/detail/move_to_pregrasp__type_support_c.cpp.o\x1b[0m\n'}
[9.987018] (-) TimerEvent: {}
[9.992952] (stretch_web_teleop_provail) StdoutLine: {'line': b'[ 58%] \x1b[32mBuilding C object CMakeFiles/stretch_web_teleop_provail__rosidl_typesupport_introspection_c.dir/rosidl_typesupport_introspection_c/stretch_web_teleop_provail/action/detail/move_to_pregrasp__type_support.c.o\x1b[0m\n'}
[10.089150] (-) TimerEvent: {}
[10.192133] (-) TimerEvent: {}
[10.203368] (stretch_web_teleop_provail) StdoutLine: {'line': b'[ 61%] \x1b[32mBuilding C object CMakeFiles/stretch_web_teleop_provail__rosidl_typesupport_introspection_c.dir/rosidl_typesupport_introspection_c/stretch_web_teleop_provail/msg/detail/text_to_speech__type_support.c.o\x1b[0m\n'}
[10.289845] (stretch_web_teleop_provail) StdoutLine: {'line': b'[ 64%] \x1b[32m\x1b[1mLinking C shared library libstretch_web_teleop_provail__rosidl_typesupport_introspection_c.so\x1b[0m\n'}
[10.292220] (-) TimerEvent: {}
[10.358864] (stretch_web_teleop_provail) StdoutLine: {'line': b'[ 66%] \x1b[32m\x1b[1mLinking CXX shared library libstretch_web_teleop_provail__rosidl_typesupport_cpp.so\x1b[0m\n'}
[10.361502] (stretch_web_teleop_provail) StdoutLine: {'line': b'[ 66%] Built target stretch_web_teleop_provail__rosidl_typesupport_introspection_c\n'}
[10.392319] (-) TimerEvent: {}
[10.447301] (stretch_web_teleop_provail) StdoutLine: {'line': b'[ 66%] Built target stretch_web_teleop_provail__rosidl_typesupport_cpp\n'}
[10.492416] (-) TimerEvent: {}
[10.599643] (-) TimerEvent: {}
[10.715138] (-) TimerEvent: {}
[10.815438] (-) TimerEvent: {}
[10.915745] (-) TimerEvent: {}
[11.014159] (stretch_web_teleop_provail) StdoutLine: {'line': b'[ 69%] \x1b[32m\x1b[1mLinking CXX shared library libstretch_web_teleop_provail__rosidl_typesupport_fastrtps_c.so\x1b[0m\n'}
[11.015836] (-) TimerEvent: {}
[11.060945] (stretch_web_teleop_provail) StdoutLine: {'line': b'[ 71%] \x1b[32m\x1b[1mLinking CXX shared library libstretch_web_teleop_provail__rosidl_typesupport_fastrtps_cpp.so\x1b[0m\n'}
[11.085739] (stretch_web_teleop_provail) StdoutLine: {'line': b'[ 74%] \x1b[32m\x1b[1mLinking CXX shared library libstretch_web_teleop_provail__rosidl_typesupport_introspection_cpp.so\x1b[0m\n'}
[11.115933] (-) TimerEvent: {}
[11.176711] (stretch_web_teleop_provail) StdoutLine: {'line': b'[ 74%] Built target stretch_web_teleop_provail__rosidl_typesupport_fastrtps_c\n'}
[11.191039] (stretch_web_teleop_provail) StdoutLine: {'line': b'[ 74%] Built target stretch_web_teleop_provail__rosidl_typesupport_fastrtps_cpp\n'}
[11.214949] (stretch_web_teleop_provail) StdoutLine: {'line': b'[ 74%] Built target stretch_web_teleop_provail__rosidl_typesupport_introspection_cpp\n'}
[11.216126] (-) TimerEvent: {}
[11.238016] (stretch_web_teleop_provail) StdoutLine: {'line': b'[ 74%] Built target stretch_web_teleop_provail\n'}
[11.260117] (stretch_web_teleop_provail) StdoutLine: {'line': b'[ 76%] \x1b[34m\x1b[1mGenerating Python code for ROS interfaces\x1b[0m\n'}
[11.316498] (-) TimerEvent: {}
[11.416794] (-) TimerEvent: {}
[11.517210] (-) TimerEvent: {}
[11.617503] (-) TimerEvent: {}
[11.717987] (-) TimerEvent: {}
[11.818280] (-) TimerEvent: {}
[11.918642] (-) TimerEvent: {}
[12.019231] (-) TimerEvent: {}
[12.120936] (-) TimerEvent: {}
[12.221218] (-) TimerEvent: {}
[12.321494] (-) TimerEvent: {}
[12.421755] (-) TimerEvent: {}
[12.523011] (-) TimerEvent: {}
[12.623327] (-) TimerEvent: {}
[12.723625] (-) TimerEvent: {}
[12.823933] (-) TimerEvent: {}
[12.924232] (-) TimerEvent: {}
[13.024513] (-) TimerEvent: {}
[13.124807] (-) TimerEvent: {}
[13.225228] (-) TimerEvent: {}
[13.257163] (stretch_web_teleop_provail) StdoutLine: {'line': b'[ 76%] Built target stretch_web_teleop_provail__py\n'}
[13.270608] (stretch_web_teleop_provail) StdoutLine: {'line': b'[ 82%] \x1b[32mBuilding C object CMakeFiles/stretch_web_teleop_provail__rosidl_generator_py.dir/rosidl_generator_py/stretch_web_teleop_provail/action/_move_to_pregrasp_s.c.o\x1b[0m\n'}
[13.270809] (stretch_web_teleop_provail) StdoutLine: {'line': b'[ 82%] \x1b[32mBuilding C object CMakeFiles/stretch_web_teleop_provail__rosidl_generator_py.dir/rosidl_generator_py/stretch_web_teleop_provail/msg/_text_to_speech_s.c.o\x1b[0m\n'}
[13.327168] (-) TimerEvent: {}
[13.429134] (-) TimerEvent: {}
[13.498252] (stretch_web_teleop_provail) StdoutLine: {'line': b'[ 84%] \x1b[32m\x1b[1mLinking C shared library rosidl_generator_py/stretch_web_teleop_provail/libstretch_web_teleop_provail__rosidl_generator_py.so\x1b[0m\n'}
[13.529225] (-) TimerEvent: {}
[13.545702] (stretch_web_teleop_provail) StdoutLine: {'line': b'[ 84%] Built target stretch_web_teleop_provail__rosidl_generator_py\n'}
[13.563361] (stretch_web_teleop_provail) StdoutLine: {'line': b'[ 87%] \x1b[32mBuilding C object CMakeFiles/stretch_web_teleop_provail__rosidl_typesupport_fastrtps_c__pyext.dir/rosidl_generator_py/stretch_web_teleop_provail/_stretch_web_teleop_provail_s.ep.rosidl_typesupport_fastrtps_c.c.o\x1b[0m\n'}
[13.564183] (stretch_web_teleop_provail) StdoutLine: {'line': b'[ 89%] \x1b[32mBuilding C object CMakeFiles/stretch_web_teleop_provail__rosidl_typesupport_introspection_c__pyext.dir/rosidl_generator_py/stretch_web_teleop_provail/_stretch_web_teleop_provail_s.ep.rosidl_typesupport_introspection_c.c.o\x1b[0m\n'}
[13.566401] (stretch_web_teleop_provail) StdoutLine: {'line': b'[ 92%] \x1b[32mBuilding C object CMakeFiles/stretch_web_teleop_provail__rosidl_typesupport_c__pyext.dir/rosidl_generator_py/stretch_web_teleop_provail/_stretch_web_teleop_provail_s.ep.rosidl_typesupport_c.c.o\x1b[0m\n'}
[13.629318] (-) TimerEvent: {}
[13.729633] (-) TimerEvent: {}
[13.786129] (stretch_web_teleop_provail) StdoutLine: {'line': b'[ 94%] \x1b[32m\x1b[1mLinking C shared library rosidl_generator_py/stretch_web_teleop_provail/stretch_web_teleop_provail_s__rosidl_typesupport_introspection_c.cpython-310-x86_64-linux-gnu.so\x1b[0m\n'}
[13.786431] (stretch_web_teleop_provail) StdoutLine: {'line': b'[ 97%] \x1b[32m\x1b[1mLinking C shared library rosidl_generator_py/stretch_web_teleop_provail/stretch_web_teleop_provail_s__rosidl_typesupport_c.cpython-310-x86_64-linux-gnu.so\x1b[0m\n'}
[13.788215] (stretch_web_teleop_provail) StdoutLine: {'line': b'[100%] \x1b[32m\x1b[1mLinking C shared library rosidl_generator_py/stretch_web_teleop_provail/stretch_web_teleop_provail_s__rosidl_typesupport_fastrtps_c.cpython-310-x86_64-linux-gnu.so\x1b[0m\n'}
[13.829724] (-) TimerEvent: {}
[13.843171] (stretch_web_teleop_provail) StdoutLine: {'line': b'[100%] Built target stretch_web_teleop_provail__rosidl_typesupport_c__pyext\n'}
[13.854405] (stretch_web_teleop_provail) StdoutLine: {'line': b'[100%] Built target stretch_web_teleop_provail__rosidl_typesupport_introspection_c__pyext\n'}
[13.855493] (stretch_web_teleop_provail) StdoutLine: {'line': b'[100%] Built target stretch_web_teleop_provail__rosidl_typesupport_fastrtps_c__pyext\n'}
[13.869453] (stretch_web_teleop_provail) CommandEnded: {'returncode': 0}
[13.870757] (stretch_web_teleop_provail) JobProgress: {'identifier': 'stretch_web_teleop_provail', 'progress': 'install'}
[13.929813] (-) TimerEvent: {}
[13.960082] (stretch_web_teleop_provail) Command: {'cmd': ['/usr/local/bin/cmake', '--install', '/home/hello-robot/provail_ws/src/stretch_web_teleop_provail/build/stretch_web_teleop_provail'], 'cwd': '/home/hello-robot/provail_ws/src/stretch_web_teleop_provail/build/stretch_web_teleop_provail', 'env': OrderedDict([('HELLO_FLEET_ID', 'stretch-re2-2049'), ('LESSOPEN', '| /usr/bin/lesspipe %s'), ('USER', 'hello-robot'), ('SSH_CLIENT', '10.18.96.65 60378 22'), ('XDG_SESSION_TYPE', 'tty'), ('GIT_ASKPASS', '/home/hello-robot/.vscode-server/cli/servers/Stable-ffa3c3f656c8df32d894e5f4d3673284d424205e/server/extensions/git/dist/askpass.sh'), ('HELLO_FLEET_PATH', '/home/hello-robot/stretch_user'), ('SHLVL', '2'), ('LD_LIBRARY_PATH', '/home/hello-robot/provail_ws/install/stretch_web_teleop/lib:/home/hello-robot/ament_ws/install/tf2_web_republisher/lib:/home/hello-robot/ament_ws/install/stretch_web_teleop/lib:/home/hello-robot/ament_ws/install/speech_recognition_msgs/lib:/home/hello-robot/ament_ws/install/sound_play_msgs/lib:/home/hello-robot/ament_ws/install/rosbridge_test_msgs/lib:/home/hello-robot/ament_ws/install/rosbridge_msgs/lib:/home/hello-robot/ament_ws/install/rosapi_msgs/lib:/home/hello-robot/ament_ws/install/realsense2_camera/lib:/home/hello-robot/ament_ws/install/realsense2_camera_msgs/lib:/home/hello-robot/ament_ws/install/audio_play/lib:/home/hello-robot/ament_ws/install/audio_capture/lib:/home/hello-robot/ament_ws/install/audio_common_msgs/lib:/usr/lib/x86_64-linux-gnu/gazebo-11/plugins:/opt/ros/humble/opt/rviz_ogre_vendor/lib:/opt/ros/humble/lib/x86_64-linux-gnu:/opt/ros/humble/lib'), ('BROWSER', '/home/hello-robot/.vscode-server/cli/servers/Stable-ffa3c3f656c8df32d894e5f4d3673284d424205e/server/bin/helpers/browser.sh'), ('MOTD_SHOWN', 'pam'), ('HOME', '/home/hello-robot'), ('OLDPWD', '/home/hello-robot/provail_ws'), ('TERM_PROGRAM_VERSION', '1.123.1'), ('VSCODE_IPC_HOOK_CLI', '/run/user/1000/vscode-ipc-a4c022f9-0e9c-4d40-a52a-c14839825212.sock'), ('ROS_PYTHON_VERSION', '3'), ('VSCODE_GIT_ASKPASS_MAIN', '/home/hello-robot/.vscode-server/cli/servers/Stable-ffa3c3f656c8df32d894e5f4d3673284d424205e/server/extensions/git/dist/askpass-main.js'), ('VSCODE_GIT_ASKPASS_NODE', '/home/hello-robot/.vscode-server/cli/servers/Stable-ffa3c3f656c8df32d894e5f4d3673284d424205e/server/node'), ('VSCODE_PYTHON_AUTOACTIVATE_GUARD', '1'), ('DBUS_SESSION_BUS_ADDRESS', 'unix:path=/run/user/1000/bus'), ('COLORTERM', 'truecolor'), ('COLCON_PREFIX_PATH', '/home/hello-robot/provail_ws/install:/home/hello-robot/ament_ws/install'), ('ROS_DISTRO', 'humble'), ('LOGNAME', 'hello-robot'), ('_', '/usr/bin/colcon'), ('ROS_VERSION', '2'), ('CLAUDE_CODE_SSE_PORT', '59242'), ('XDG_SESSION_CLASS', 'user'), ('TERM', 'xterm-256color'), ('XDG_SESSION_ID', '5'), ('ROS_LOCALHOST_ONLY', '0'), ('PATH', '/home/hello-robot/ament_ws/install/audio_play/bin:/home/hello-robot/ament_ws/install/audio_capture/bin:/opt/ros/humble/bin:/home/hello-robot/.vscode-server/data/User/globalStorage/github.copilot-chat/debugCommand:/home/hello-robot/.vscode-server/data/User/globalStorage/github.copilot-chat/copilotCli:/home/hello-robot/.vscode-server/cli/servers/Stable-ffa3c3f656c8df32d894e5f4d3673284d424205e/server/bin/remote-cli:/home/hello-robot/.local/bin:/usr/local/sbin:/usr/local/bin:/usr/sbin:/usr/bin:/sbin:/bin:/usr/games:/usr/local/games:/snap/bin:/home/hello-robot/.local/bin'), ('XDG_RUNTIME_DIR', '/run/user/1000'), ('LANG', 'en_US.UTF-8'), ('RMW_IMPLEMENTATION', 'rmw_cyclonedds_cpp'), ('LS_COLORS', 'rs=0:di=01;34:ln=01;36:mh=00:pi=40;33:so=01;35:do=01;35:bd=40;33;01:cd=40;33;01:or=40;31;01:mi=00:su=37;41:sg=30;43:ca=30;41:tw=30;42:ow=34;42:st=37;44:ex=01;32:*.tar=01;31:*.tgz=01;31:*.arc=01;31:*.arj=01;31:*.taz=01;31:*.lha=01;31:*.lz4=01;31:*.lzh=01;31:*.lzma=01;31:*.tlz=01;31:*.txz=01;31:*.tzo=01;31:*.t7z=01;31:*.zip=01;31:*.z=01;31:*.dz=01;31:*.gz=01;31:*.lrz=01;31:*.lz=01;31:*.lzo=01;31:*.xz=01;31:*.zst=01;31:*.tzst=01;31:*.bz2=01;31:*.bz=01;31:*.tbz=01;31:*.tbz2=01;31:*.tz=01;31:*.deb=01;31:*.rpm=01;31:*.jar=01;31:*.war=01;31:*.ear=01;31:*.sar=01;31:*.rar=01;31:*.alz=01;31:*.ace=01;31:*.zoo=01;31:*.cpio=01;31:*.7z=01;31:*.rz=01;31:*.cab=01;31:*.wim=01;31:*.swm=01;31:*.dwm=01;31:*.esd=01;31:*.jpg=01;35:*.jpeg=01;35:*.mjpg=01;35:*.mjpeg=01;35:*.gif=01;35:*.bmp=01;35:*.pbm=01;35:*.pgm=01;35:*.ppm=01;35:*.tga=01;35:*.xbm=01;35:*.xpm=01;35:*.tif=01;35:*.tiff=01;35:*.png=01;35:*.svg=01;35:*.svgz=01;35:*.mng=01;35:*.pcx=01;35:*.mov=01;35:*.mpg=01;35:*.mpeg=01;35:*.m2v=01;35:*.mkv=01;35:*.webm=01;35:*.webp=01;35:*.ogm=01;35:*.mp4=01;35:*.m4v=01;35:*.mp4v=01;35:*.vob=01;35:*.qt=01;35:*.nuv=01;35:*.wmv=01;35:*.asf=01;35:*.rm=01;35:*.rmvb=01;35:*.flc=01;35:*.avi=01;35:*.fli=01;35:*.flv=01;35:*.gl=01;35:*.dl=01;35:*.xcf=01;35:*.xwd=01;35:*.yuv=01;35:*.cgm=01;35:*.emf=01;35:*.ogv=01;35:*.ogx=01;35:*.aac=00;36:*.au=00;36:*.flac=00;36:*.m4a=00;36:*.mid=00;36:*.midi=00;36:*.mka=00;36:*.mp3=00;36:*.mpc=00;36:*.ogg=00;36:*.ra=00;36:*.wav=00;36:*.oga=00;36:*.opus=00;36:*.spx=00;36:*.xspf=00;36:'), ('VSCODE_GIT_IPC_HANDLE', '/run/user/1000/vscode-git-a969dccb53.sock'), ('TERM_PROGRAM', 'vscode'), ('ROS_DOMAIN_ID', '7'), ('AMENT_PREFIX_PATH', '/home/hello-robot/provail_ws/install/stretch_web_teleop:/home/hello-robot/ament_ws/install/tf2_web_republisher_py:/home/hello-robot/ament_ws/install/tf2_web_republisher:/home/hello-robot/ament_ws/install/stretch_web_teleop:/home/hello-robot/ament_ws/install/stretch_simulation:/home/hello-robot/ament_ws/install/stretch_rtabmap:/home/hello-robot/ament_ws/install/stretch_ros_tutorials:/home/hello-robot/ament_ws/install/stretch_nav2:/home/hello-robot/ament_ws/install/stretch_funmap:/home/hello-robot/ament_ws/install/stretch_calibration:/home/hello-robot/ament_ws/install/stretch_description:/home/hello-robot/ament_ws/install/stretch_demos:/home/hello-robot/ament_ws/install/stretch_deep_perception:/home/hello-robot/ament_ws/install/stretch_core:/home/hello-robot/ament_ws/install/respeaker_ros2:/home/hello-robot/ament_ws/install/speech_recognition_msgs:/home/hello-robot/ament_ws/install/sound_play_msgs:/home/hello-robot/ament_ws/install/audio_common:/home/hello-robot/ament_ws/install/sound_play:/home/hello-robot/ament_ws/install/sllidar_ros2:/home/hello-robot/ament_ws/install/rosbridge_test_msgs:/home/hello-robot/ament_ws/install/rosbridge_suite:/home/hello-robot/ament_ws/install/rosbridge_server:/home/hello-robot/ament_ws/install/rosbridge_msgs:/home/hello-robot/ament_ws/install/rosapi:/home/hello-robot/ament_ws/install/rosbridge_library:/home/hello-robot/ament_ws/install/rosapi_msgs:/home/hello-robot/ament_ws/install/ros2_numpy:/home/hello-robot/ament_ws/install/realsense2_description:/home/hello-robot/ament_ws/install/realsense2_camera:/home/hello-robot/ament_ws/install/realsense2_camera_msgs:/home/hello-robot/ament_ws/install/hello_helpers:/home/hello-robot/ament_ws/install/audio_play:/home/hello-robot/ament_ws/install/audio_capture:/home/hello-robot/ament_ws/install/audio_common_msgs:/opt/ros/humble'), ('LRS_LOG_LEVEL', 'None'), ('SHELL', '/bin/bash'), ('LESSCLOSE', '/usr/bin/lesspipe %s %s'), ('VSCODE_GIT_ASKPASS_EXTRA_ARGS', ''), ('PWD', '/home/hello-robot/provail_ws/src/stretch_web_teleop_provail/build/stretch_web_teleop_provail'), ('LC_ALL', 'en_US.UTF-8'), ('COPILOT_DEBUG_NONCE', 'faee63382408a22e407252406e8957d4'), ('SSH_CONNECTION', '10.18.96.65 60378 172.28.7.121 22'), ('XDG_DATA_DIRS', '/usr/share/gnome:/usr/local/share:/usr/share:/var/lib/snapd/desktop'), ('PYTHONPATH', '/home/hello-robot/provail_ws/install/stretch_web_teleop/local/lib/python3.10/dist-packages:/home/hello-robot/ament_ws/build/tf2_web_republisher_py:/home/hello-robot/ament_ws/install/tf2_web_republisher_py/lib/python3.10/site-packages:/home/hello-robot/ament_ws/install/tf2_web_republisher/local/lib/python3.10/dist-packages:/home/hello-robot/ament_ws/install/stretch_web_teleop/local/lib/python3.10/dist-packages:/home/hello-robot/ament_ws/build/stretch_simulation:/home/hello-robot/ament_ws/install/stretch_simulation/lib/python3.10/site-packages:/home/hello-robot/ament_ws/build/stretch_ros_tutorials:/home/hello-robot/ament_ws/install/stretch_ros_tutorials/lib/python3.10/site-packages:/home/hello-robot/ament_ws/install/stretch_nav2/local/lib/python3.10/dist-packages:/home/hello-robot/ament_ws/build/stretch_funmap:/home/hello-robot/ament_ws/install/stretch_funmap/lib/python3.10/site-packages:/home/hello-robot/ament_ws/build/stretch_calibration:/home/hello-robot/ament_ws/install/stretch_calibration/lib/python3.10/site-packages:/home/hello-robot/ament_ws/build/stretch_demos:/home/hello-robot/ament_ws/install/stretch_demos/lib/python3.10/site-packages:/home/hello-robot/ament_ws/build/stretch_deep_perception:/home/hello-robot/ament_ws/install/stretch_deep_perception/lib/python3.10/site-packages:/home/hello-robot/ament_ws/build/stretch_core:/home/hello-robot/ament_ws/install/stretch_core/lib/python3.10/site-packages:/home/hello-robot/ament_ws/build/respeaker_ros2:/home/hello-robot/ament_ws/install/respeaker_ros2/lib/python3.10/site-packages:/home/hello-robot/ament_ws/install/speech_recognition_msgs/local/lib/python3.10/dist-packages:/home/hello-robot/ament_ws/install/sound_play_msgs/local/lib/python3.10/dist-packages:/home/hello-robot/ament_ws/install/sound_play/local/lib/python3.10/dist-packages:/home/hello-robot/ament_ws/install/rosbridge_test_msgs/local/lib/python3.10/dist-packages:/home/hello-robot/ament_ws/install/rosbridge_server/local/lib/python3.10/dist-packages:/home/hello-robot/ament_ws/install/rosbridge_msgs/local/lib/python3.10/dist-packages:/home/hello-robot/ament_ws/install/rosapi/local/lib/python3.10/dist-packages:/home/hello-robot/ament_ws/install/rosbridge_library/local/lib/python3.10/dist-packages:/home/hello-robot/ament_ws/install/rosapi_msgs/local/lib/python3.10/dist-packages:/home/hello-robot/ament_ws/install/ros2_numpy/local/lib/python3.10/dist-packages:/home/hello-robot/ament_ws/install/realsense2_camera_msgs/local/lib/python3.10/dist-packages:/home/hello-robot/ament_ws/build/hello_helpers/src:/home/hello-robot/ament_ws/install/hello_helpers/lib/python3.10/site-packages:/home/hello-robot/ament_ws/install/audio_common_msgs/local/lib/python3.10/dist-packages:/opt/ros/humble/lib/python3.10/site-packages:/opt/ros/humble/local/lib/python3.10/dist-packages'), ('COLCON', '1'), ('CMAKE_PREFIX_PATH', '/home/hello-robot/provail_ws/install/stretch_web_teleop:/home/hello-robot/ament_ws/install/tf2_web_republisher:/home/hello-robot/ament_ws/install/stretch_web_teleop:/home/hello-robot/ament_ws/install/stretch_rtabmap:/home/hello-robot/ament_ws/install/stretch_nav2:/home/hello-robot/ament_ws/install/stretch_description:/home/hello-robot/ament_ws/install/speech_recognition_msgs:/home/hello-robot/ament_ws/install/sound_play_msgs:/home/hello-robot/ament_ws/install/audio_common:/home/hello-robot/ament_ws/install/sound_play:/home/hello-robot/ament_ws/install/sllidar_ros2:/home/hello-robot/ament_ws/install/rosbridge_test_msgs:/home/hello-robot/ament_ws/install/rosbridge_suite:/home/hello-robot/ament_ws/install/rosbridge_server:/home/hello-robot/ament_ws/install/rosbridge_msgs:/home/hello-robot/ament_ws/install/rosapi:/home/hello-robot/ament_ws/install/rosbridge_library:/home/hello-robot/ament_ws/install/rosapi_msgs:/home/hello-robot/ament_ws/install/ros2_numpy:/home/hello-robot/ament_ws/install/realsense2_description:/home/hello-robot/ament_ws/install/realsense2_camera:/home/hello-robot/ament_ws/install/realsense2_camera_msgs:/home/hello-robot/ament_ws/install/audio_play:/home/hello-robot/ament_ws/install/audio_capture:/home/hello-robot/ament_ws/install/audio_common_msgs:/home/hello-robot/ament_ws/install/tf2_web_republisher_py:/home/hello-robot/ament_ws/install/stretch_simulation:/home/hello-robot/ament_ws/install/stretch_ros_tutorials:/home/hello-robot/ament_ws/install/stretch_funmap:/home/hello-robot/ament_ws/install/stretch_calibration:/home/hello-robot/ament_ws/install/stretch_demos:/home/hello-robot/ament_ws/install/stretch_deep_perception:/home/hello-robot/ament_ws/install/stretch_core:/home/hello-robot/ament_ws/install/respeaker_ros2:/home/hello-robot/ament_ws/install/hello_helpers:/opt/ros/humble')]), 'shell': False}
[14.030125] (-) TimerEvent: {}
[14.048913] (stretch_web_teleop_provail) StdoutLine: {'line': b'-- Install configuration: ""\n'}
[14.049205] (stretch_web_teleop_provail) StdoutLine: {'line': b'-- Installing: /home/hello-robot/provail_ws/src/stretch_web_teleop_provail/install/stretch_web_teleop_provail/share/ament_index/resource_index/rosidl_interfaces/stretch_web_teleop_provail\n'}
[14.049469] (stretch_web_teleop_provail) StdoutLine: {'line': b'-- Installing: /home/hello-robot/provail_ws/src/stretch_web_teleop_provail/install/stretch_web_teleop_provail/include/stretch_web_teleop_provail/stretch_web_teleop_provail\n'}
[14.049596] (stretch_web_teleop_provail) StdoutLine: {'line': b'-- Installing: /home/hello-robot/provail_ws/src/stretch_web_teleop_provail/install/stretch_web_teleop_provail/include/stretch_web_teleop_provail/stretch_web_teleop_provail/action\n'}
[14.049729] (stretch_web_teleop_provail) StdoutLine: {'line': b'-- Installing: /home/hello-robot/provail_ws/src/stretch_web_teleop_provail/install/stretch_web_teleop_provail/include/stretch_web_teleop_provail/stretch_web_teleop_provail/action/detail\n'}
[14.049850] (stretch_web_teleop_provail) StdoutLine: {'line': b'-- Installing: /home/hello-robot/provail_ws/src/stretch_web_teleop_provail/install/stretch_web_teleop_provail/include/stretch_web_teleop_provail/stretch_web_teleop_provail/action/detail/move_to_pregrasp__type_support.h\n'}
[14.049959] (stretch_web_teleop_provail) StdoutLine: {'line': b'-- Installing: /home/hello-robot/provail_ws/src/stretch_web_teleop_provail/install/stretch_web_teleop_provail/include/stretch_web_teleop_provail/stretch_web_teleop_provail/action/detail/move_to_pregrasp__struct.h\n'}
[14.050116] (stretch_web_teleop_provail) StdoutLine: {'line': b'-- Installing: /home/hello-robot/provail_ws/src/stretch_web_teleop_provail/install/stretch_web_teleop_provail/include/stretch_web_teleop_provail/stretch_web_teleop_provail/action/detail/move_to_pregrasp__functions.h\n'}
[14.050284] (stretch_web_teleop_provail) StdoutLine: {'line': b'-- Installing: /home/hello-robot/provail_ws/src/stretch_web_teleop_provail/install/stretch_web_teleop_provail/include/stretch_web_teleop_provail/stretch_web_teleop_provail/action/detail/move_to_pregrasp__functions.c\n'}
[14.050547] (stretch_web_teleop_provail) StdoutLine: {'line': b'-- Installing: /home/hello-robot/provail_ws/src/stretch_web_teleop_provail/install/stretch_web_teleop_provail/include/stretch_web_teleop_provail/stretch_web_teleop_provail/action/move_to_pregrasp.h\n'}
[14.051133] (stretch_web_teleop_provail) StdoutLine: {'line': b'-- Installing: /home/hello-robot/provail_ws/src/stretch_web_teleop_provail/install/stretch_web_teleop_provail/include/stretch_web_teleop_provail/stretch_web_teleop_provail/msg\n'}
[14.051504] (stretch_web_teleop_provail) StdoutLine: {'line': b'-- Installing: /home/hello-robot/provail_ws/src/stretch_web_teleop_provail/install/stretch_web_teleop_provail/include/stretch_web_teleop_provail/stretch_web_teleop_provail/msg/detail\n'}
[14.051628] (stretch_web_teleop_provail) StdoutLine: {'line': b'-- Installing: /home/hello-robot/provail_ws/src/stretch_web_teleop_provail/install/stretch_web_teleop_provail/include/stretch_web_teleop_provail/stretch_web_teleop_provail/msg/detail/text_to_speech__struct.h\n'}
[14.051731] (stretch_web_teleop_provail) StdoutLine: {'line': b'-- Installing: /home/hello-robot/provail_ws/src/stretch_web_teleop_provail/install/stretch_web_teleop_provail/include/stretch_web_teleop_provail/stretch_web_teleop_provail/msg/detail/text_to_speech__functions.h\n'}
[14.051851] (stretch_web_teleop_provail) StdoutLine: {'line': b'-- Installing: /home/hello-robot/provail_ws/src/stretch_web_teleop_provail/install/stretch_web_teleop_provail/include/stretch_web_teleop_provail/stretch_web_teleop_provail/msg/detail/text_to_speech__functions.c\n'}
[14.051954] (stretch_web_teleop_provail) StdoutLine: {'line': b'-- Installing: /home/hello-robot/provail_ws/src/stretch_web_teleop_provail/install/stretch_web_teleop_provail/include/stretch_web_teleop_provail/stretch_web_teleop_provail/msg/detail/text_to_speech__type_support.h\n'}
[14.052171] (stretch_web_teleop_provail) StdoutLine: {'line': b'-- Installing: /home/hello-robot/provail_ws/src/stretch_web_teleop_provail/install/stretch_web_teleop_provail/include/stretch_web_teleop_provail/stretch_web_teleop_provail/msg/text_to_speech.h\n'}
[14.052292] (stretch_web_teleop_provail) StdoutLine: {'line': b'-- Installing: /home/hello-robot/provail_ws/src/stretch_web_teleop_provail/install/stretch_web_teleop_provail/include/stretch_web_teleop_provail/stretch_web_teleop_provail/msg/rosidl_generator_c__visibility_control.h\n'}
[14.052422] (stretch_web_teleop_provail) StdoutLine: {'line': b'-- Installing: /home/hello-robot/provail_ws/src/stretch_web_teleop_provail/install/stretch_web_teleop_provail/share/stretch_web_teleop_provail/environment/library_path.sh\n'}
[14.052526] (stretch_web_teleop_provail) StdoutLine: {'line': b'-- Installing: /home/hello-robot/provail_ws/src/stretch_web_teleop_provail/install/stretch_web_teleop_provail/share/stretch_web_teleop_provail/environment/library_path.dsv\n'}
[14.052755] (stretch_web_teleop_provail) StdoutLine: {'line': b'-- Installing: /home/hello-robot/provail_ws/src/stretch_web_teleop_provail/install/stretch_web_teleop_provail/lib/libstretch_web_teleop_provail__rosidl_generator_c.so\n'}
[14.053413] (stretch_web_teleop_provail) StdoutLine: {'line': b'-- Set runtime path of "/home/hello-robot/provail_ws/src/stretch_web_teleop_provail/install/stretch_web_teleop_provail/lib/libstretch_web_teleop_provail__rosidl_generator_c.so" to ""\n'}
[14.053631] (stretch_web_teleop_provail) StdoutLine: {'line': b'-- Up-to-date: /home/hello-robot/provail_ws/src/stretch_web_teleop_provail/install/stretch_web_teleop_provail/include/stretch_web_teleop_provail/stretch_web_teleop_provail\n'}
[14.053742] (stretch_web_teleop_provail) StdoutLine: {'line': b'-- Up-to-date: /home/hello-robot/provail_ws/src/stretch_web_teleop_provail/install/stretch_web_teleop_provail/include/stretch_web_teleop_provail/stretch_web_teleop_provail/action\n'}
[14.053848] (stretch_web_teleop_provail) StdoutLine: {'line': b'-- Up-to-date: /home/hello-robot/provail_ws/src/stretch_web_teleop_provail/install/stretch_web_teleop_provail/include/stretch_web_teleop_provail/stretch_web_teleop_provail/action/detail\n'}
[14.054044] (stretch_web_teleop_provail) StdoutLine: {'line': b'-- Installing: /home/hello-robot/provail_ws/src/stretch_web_teleop_provail/install/stretch_web_teleop_provail/include/stretch_web_teleop_provail/stretch_web_teleop_provail/action/detail/move_to_pregrasp__rosidl_typesupport_fastrtps_c.h\n'}
[14.054241] (stretch_web_teleop_provail) StdoutLine: {'line': b'-- Up-to-date: /home/hello-robot/provail_ws/src/stretch_web_teleop_provail/install/stretch_web_teleop_provail/include/stretch_web_teleop_provail/stretch_web_teleop_provail/msg\n'}
[14.054352] (stretch_web_teleop_provail) StdoutLine: {'line': b'-- Up-to-date: /home/hello-robot/provail_ws/src/stretch_web_teleop_provail/install/stretch_web_teleop_provail/include/stretch_web_teleop_provail/stretch_web_teleop_provail/msg/detail\n'}
[14.054462] (stretch_web_teleop_provail) StdoutLine: {'line': b'-- Installing: /home/hello-robot/provail_ws/src/stretch_web_teleop_provail/install/stretch_web_teleop_provail/include/stretch_web_teleop_provail/stretch_web_teleop_provail/msg/detail/text_to_speech__rosidl_typesupport_fastrtps_c.h\n'}
[14.054599] (stretch_web_teleop_provail) StdoutLine: {'line': b'-- Installing: /home/hello-robot/provail_ws/src/stretch_web_teleop_provail/install/stretch_web_teleop_provail/include/stretch_web_teleop_provail/stretch_web_teleop_provail/msg/rosidl_typesupport_fastrtps_c__visibility_control.h\n'}
[14.054704] (stretch_web_teleop_provail) StdoutLine: {'line': b'-- Installing: /home/hello-robot/provail_ws/src/stretch_web_teleop_provail/install/stretch_web_teleop_provail/lib/libstretch_web_teleop_provail__rosidl_typesupport_fastrtps_c.so\n'}
[14.055995] (stretch_web_teleop_provail) StdoutLine: {'line': b'-- Set runtime path of "/home/hello-robot/provail_ws/src/stretch_web_teleop_provail/install/stretch_web_teleop_provail/lib/libstretch_web_teleop_provail__rosidl_typesupport_fastrtps_c.so" to ""\n'}
[14.056204] (stretch_web_teleop_provail) StdoutLine: {'line': b'-- Up-to-date: /home/hello-robot/provail_ws/src/stretch_web_teleop_provail/install/stretch_web_teleop_provail/include/stretch_web_teleop_provail/stretch_web_teleop_provail\n'}
[14.056335] (stretch_web_teleop_provail) StdoutLine: {'line': b'-- Up-to-date: /home/hello-robot/provail_ws/src/stretch_web_teleop_provail/install/stretch_web_teleop_provail/include/stretch_web_teleop_provail/stretch_web_teleop_provail/action\n'}
[14.056499] (stretch_web_teleop_provail) StdoutLine: {'line': b'-- Up-to-date: /home/hello-robot/provail_ws/src/stretch_web_teleop_provail/install/stretch_web_teleop_provail/include/stretch_web_teleop_provail/stretch_web_teleop_provail/action/detail\n'}
[14.056825] (stretch_web_teleop_provail) StdoutLine: {'line': b'-- Installing: /home/hello-robot/provail_ws/src/stretch_web_teleop_provail/install/stretch_web_teleop_provail/include/stretch_web_teleop_provail/stretch_web_teleop_provail/action/detail/move_to_pregrasp__type_support.hpp\n'}
[14.057465] (stretch_web_teleop_provail) StdoutLine: {'line': b'-- Installing: /home/hello-robot/provail_ws/src/stretch_web_teleop_provail/install/stretch_web_teleop_provail/include/stretch_web_teleop_provail/stretch_web_teleop_provail/action/detail/move_to_pregrasp__traits.hpp\n'}
[14.057591] (stretch_web_teleop_provail) StdoutLine: {'line': b'-- Installing: /home/hello-robot/provail_ws/src/stretch_web_teleop_provail/install/stretch_web_teleop_provail/include/stretch_web_teleop_provail/stretch_web_teleop_provail/action/detail/move_to_pregrasp__builder.hpp\n'}
[14.057694] (stretch_web_teleop_provail) StdoutLine: {'line': b'-- Installing: /home/hello-robot/provail_ws/src/stretch_web_teleop_provail/install/stretch_web_teleop_provail/include/stretch_web_teleop_provail/stretch_web_teleop_provail/action/detail/move_to_pregrasp__struct.hpp\n'}
[14.057812] (stretch_web_teleop_provail) StdoutLine: {'line': b'-- Installing: /home/hello-robot/provail_ws/src/stretch_web_teleop_provail/install/stretch_web_teleop_provail/include/stretch_web_teleop_provail/stretch_web_teleop_provail/action/move_to_pregrasp.hpp\n'}
[14.057918] (stretch_web_teleop_provail) StdoutLine: {'line': b'-- Up-to-date: /home/hello-robot/provail_ws/src/stretch_web_teleop_provail/install/stretch_web_teleop_provail/include/stretch_web_teleop_provail/stretch_web_teleop_provail/msg\n'}
[14.058029] (stretch_web_teleop_provail) StdoutLine: {'line': b'-- Up-to-date: /home/hello-robot/provail_ws/src/stretch_web_teleop_provail/install/stretch_web_teleop_provail/include/stretch_web_teleop_provail/stretch_web_teleop_provail/msg/detail\n'}
[14.058268] (stretch_web_teleop_provail) StdoutLine: {'line': b'-- Installing: /home/hello-robot/provail_ws/src/stretch_web_teleop_provail/install/stretch_web_teleop_provail/include/stretch_web_teleop_provail/stretch_web_teleop_provail/msg/detail/text_to_speech__traits.hpp\n'}
[14.058425] (stretch_web_teleop_provail) StdoutLine: {'line': b'-- Installing: /home/hello-robot/provail_ws/src/stretch_web_teleop_provail/install/stretch_web_teleop_provail/include/stretch_web_teleop_provail/stretch_web_teleop_provail/msg/detail/text_to_speech__struct.hpp\n'}
[14.058551] (stretch_web_teleop_provail) StdoutLine: {'line': b'-- Installing: /home/hello-robot/provail_ws/src/stretch_web_teleop_provail/install/stretch_web_teleop_provail/include/stretch_web_teleop_provail/stretch_web_teleop_provail/msg/detail/text_to_speech__builder.hpp\n'}
[14.058666] (stretch_web_teleop_provail) StdoutLine: {'line': b'-- Installing: /home/hello-robot/provail_ws/src/stretch_web_teleop_provail/install/stretch_web_teleop_provail/include/stretch_web_teleop_provail/stretch_web_teleop_provail/msg/detail/text_to_speech__type_support.hpp\n'}
[14.058783] (stretch_web_teleop_provail) StdoutLine: {'line': b'-- Installing: /home/hello-robot/provail_ws/src/stretch_web_teleop_provail/install/stretch_web_teleop_provail/include/stretch_web_teleop_provail/stretch_web_teleop_provail/msg/text_to_speech.hpp\n'}
[14.058902] (stretch_web_teleop_provail) StdoutLine: {'line': b'-- Installing: /home/hello-robot/provail_ws/src/stretch_web_teleop_provail/install/stretch_web_teleop_provail/include/stretch_web_teleop_provail/stretch_web_teleop_provail/msg/rosidl_generator_cpp__visibility_control.hpp\n'}
[14.059000] (stretch_web_teleop_provail) StdoutLine: {'line': b'-- Up-to-date: /home/hello-robot/provail_ws/src/stretch_web_teleop_provail/install/stretch_web_teleop_provail/include/stretch_web_teleop_provail/stretch_web_teleop_provail\n'}
[14.059106] (stretch_web_teleop_provail) StdoutLine: {'line': b'-- Up-to-date: /home/hello-robot/provail_ws/src/stretch_web_teleop_provail/install/stretch_web_teleop_provail/include/stretch_web_teleop_provail/stretch_web_teleop_provail/action\n'}
[14.059216] (stretch_web_teleop_provail) StdoutLine: {'line': b'-- Up-to-date: /home/hello-robot/provail_ws/src/stretch_web_teleop_provail/install/stretch_web_teleop_provail/include/stretch_web_teleop_provail/stretch_web_teleop_provail/action/detail\n'}
[14.059322] (stretch_web_teleop_provail) StdoutLine: {'line': b'-- Installing: /home/hello-robot/provail_ws/src/stretch_web_teleop_provail/install/stretch_web_teleop_provail/include/stretch_web_teleop_provail/stretch_web_teleop_provail/action/detail/move_to_pregrasp__rosidl_typesupport_fastrtps_cpp.hpp\n'}
[14.059425] (stretch_web_teleop_provail) StdoutLine: {'line': b'-- Installing: /home/hello-robot/provail_ws/src/stretch_web_teleop_provail/install/stretch_web_teleop_provail/include/stretch_web_teleop_provail/stretch_web_teleop_provail/action/detail/dds_fastrtps\n'}
[14.059865] (stretch_web_teleop_provail) StdoutLine: {'line': b'-- Up-to-date: /home/hello-robot/provail_ws/src/stretch_web_teleop_provail/install/stretch_web_teleop_provail/include/stretch_web_teleop_provail/stretch_web_teleop_provail/msg\n'}
[14.060092] (stretch_web_teleop_provail) StdoutLine: {'line': b'-- Up-to-date: /home/hello-robot/provail_ws/src/stretch_web_teleop_provail/install/stretch_web_teleop_provail/include/stretch_web_teleop_provail/stretch_web_teleop_provail/msg/detail\n'}
[14.060232] (stretch_web_teleop_provail) StdoutLine: {'line': b'-- Installing: /home/hello-robot/provail_ws/src/stretch_web_teleop_provail/install/stretch_web_teleop_provail/include/stretch_web_teleop_provail/stretch_web_teleop_provail/msg/detail/dds_fastrtps\n'}
[14.060355] (stretch_web_teleop_provail) StdoutLine: {'line': b'-- Installing: /home/hello-robot/provail_ws/src/stretch_web_teleop_provail/install/stretch_web_teleop_provail/include/stretch_web_teleop_provail/stretch_web_teleop_provail/msg/detail/text_to_speech__rosidl_typesupport_fastrtps_cpp.hpp\n'}
[14.060465] (stretch_web_teleop_provail) StdoutLine: {'line': b'-- Installing: /home/hello-robot/provail_ws/src/stretch_web_teleop_provail/install/stretch_web_teleop_provail/include/stretch_web_teleop_provail/stretch_web_teleop_provail/msg/rosidl_typesupport_fastrtps_cpp__visibility_control.h\n'}
[14.060634] (stretch_web_teleop_provail) StdoutLine: {'line': b'-- Installing: /home/hello-robot/provail_ws/src/stretch_web_teleop_provail/install/stretch_web_teleop_provail/lib/libstretch_web_teleop_provail__rosidl_typesupport_fastrtps_cpp.so\n'}
[14.060759] (stretch_web_teleop_provail) StdoutLine: {'line': b'-- Set runtime path of "/home/hello-robot/provail_ws/src/stretch_web_teleop_provail/install/stretch_web_teleop_provail/lib/libstretch_web_teleop_provail__rosidl_typesupport_fastrtps_cpp.so" to ""\n'}
[14.060856] (stretch_web_teleop_provail) StdoutLine: {'line': b'-- Up-to-date: /home/hello-robot/provail_ws/src/stretch_web_teleop_provail/install/stretch_web_teleop_provail/include/stretch_web_teleop_provail/stretch_web_teleop_provail\n'}
[14.060945] (stretch_web_teleop_provail) StdoutLine: {'line': b'-- Up-to-date: /home/hello-robot/provail_ws/src/stretch_web_teleop_provail/install/stretch_web_teleop_provail/include/stretch_web_teleop_provail/stretch_web_teleop_provail/action\n'}
[14.061031] (stretch_web_teleop_provail) StdoutLine: {'line': b'-- Up-to-date: /home/hello-robot/provail_ws/src/stretch_web_teleop_provail/install/stretch_web_teleop_provail/include/stretch_web_teleop_provail/stretch_web_teleop_provail/action/detail\n'}
[14.061139] (stretch_web_teleop_provail) StdoutLine: {'line': b'-- Installing: /home/hello-robot/provail_ws/src/stretch_web_teleop_provail/install/stretch_web_teleop_provail/include/stretch_web_teleop_provail/stretch_web_teleop_provail/action/detail/move_to_pregrasp__rosidl_typesupport_introspection_c.h\n'}
[14.061235] (stretch_web_teleop_provail) StdoutLine: {'line': b'-- Installing: /home/hello-robot/provail_ws/src/stretch_web_teleop_provail/install/stretch_web_teleop_provail/include/stretch_web_teleop_provail/stretch_web_teleop_provail/action/detail/move_to_pregrasp__type_support.c\n'}
[14.061326] (stretch_web_teleop_provail) StdoutLine: {'line': b'-- Up-to-date: /home/hello-robot/provail_ws/src/stretch_web_teleop_provail/install/stretch_web_teleop_provail/include/stretch_web_teleop_provail/stretch_web_teleop_provail/msg\n'}
[14.061428] (stretch_web_teleop_provail) StdoutLine: {'line': b'-- Up-to-date: /home/hello-robot/provail_ws/src/stretch_web_teleop_provail/install/stretch_web_teleop_provail/include/stretch_web_teleop_provail/stretch_web_teleop_provail/msg/detail\n'}
[14.061610] (stretch_web_teleop_provail) StdoutLine: {'line': b'-- Installing: /home/hello-robot/provail_ws/src/stretch_web_teleop_provail/install/stretch_web_teleop_provail/include/stretch_web_teleop_provail/stretch_web_teleop_provail/msg/detail/text_to_speech__type_support.c\n'}
[14.061725] (stretch_web_teleop_provail) StdoutLine: {'line': b'-- Installing: /home/hello-robot/provail_ws/src/stretch_web_teleop_provail/install/stretch_web_teleop_provail/include/stretch_web_teleop_provail/stretch_web_teleop_provail/msg/detail/text_to_speech__rosidl_typesupport_introspection_c.h\n'}
[14.061822] (stretch_web_teleop_provail) StdoutLine: {'line': b'-- Installing: /home/hello-robot/provail_ws/src/stretch_web_teleop_provail/install/stretch_web_teleop_provail/include/stretch_web_teleop_provail/stretch_web_teleop_provail/msg/rosidl_typesupport_introspection_c__visibility_control.h\n'}
[14.061924] (stretch_web_teleop_provail) StdoutLine: {'line': b'-- Installing: /home/hello-robot/provail_ws/src/stretch_web_teleop_provail/install/stretch_web_teleop_provail/lib/libstretch_web_teleop_provail__rosidl_typesupport_introspection_c.so\n'}
[14.062085] (stretch_web_teleop_provail) StdoutLine: {'line': b'-- Set runtime path of "/home/hello-robot/provail_ws/src/stretch_web_teleop_provail/install/stretch_web_teleop_provail/lib/libstretch_web_teleop_provail__rosidl_typesupport_introspection_c.so" to ""\n'}
[14.062218] (stretch_web_teleop_provail) StdoutLine: {'line': b'-- Installing: /home/hello-robot/provail_ws/src/stretch_web_teleop_provail/install/stretch_web_teleop_provail/lib/libstretch_web_teleop_provail__rosidl_typesupport_c.so\n'}
[14.063166] (stretch_web_teleop_provail) StdoutLine: {'line': b'-- Set runtime path of "/home/hello-robot/provail_ws/src/stretch_web_teleop_provail/install/stretch_web_teleop_provail/lib/libstretch_web_teleop_provail__rosidl_typesupport_c.so" to ""\n'}
[14.063380] (stretch_web_teleop_provail) StdoutLine: {'line': b'-- Up-to-date: /home/hello-robot/provail_ws/src/stretch_web_teleop_provail/install/stretch_web_teleop_provail/include/stretch_web_teleop_provail/stretch_web_teleop_provail\n'}
[14.063521] (stretch_web_teleop_provail) StdoutLine: {'line': b'-- Up-to-date: /home/hello-robot/provail_ws/src/stretch_web_teleop_provail/install/stretch_web_teleop_provail/include/stretch_web_teleop_provail/stretch_web_teleop_provail/action\n'}
[14.063619] (stretch_web_teleop_provail) StdoutLine: {'line': b'-- Up-to-date: /home/hello-robot/provail_ws/src/stretch_web_teleop_provail/install/stretch_web_teleop_provail/include/stretch_web_teleop_provail/stretch_web_teleop_provail/action/detail\n'}
[14.063755] (stretch_web_teleop_provail) StdoutLine: {'line': b'-- Installing: /home/hello-robot/provail_ws/src/stretch_web_teleop_provail/install/stretch_web_teleop_provail/include/stretch_web_teleop_provail/stretch_web_teleop_provail/action/detail/move_to_pregrasp__type_support.cpp\n'}
[14.063879] (stretch_web_teleop_provail) StdoutLine: {'line': b'-- Installing: /home/hello-robot/provail_ws/src/stretch_web_teleop_provail/install/stretch_web_teleop_provail/include/stretch_web_teleop_provail/stretch_web_teleop_provail/action/detail/move_to_pregrasp__rosidl_typesupport_introspection_cpp.hpp\n'}
[14.063975] (stretch_web_teleop_provail) StdoutLine: {'line': b'-- Up-to-date: /home/hello-robot/provail_ws/src/stretch_web_teleop_provail/install/stretch_web_teleop_provail/include/stretch_web_teleop_provail/stretch_web_teleop_provail/msg\n'}
[14.064715] (stretch_web_teleop_provail) StdoutLine: {'line': b'-- Up-to-date: /home/hello-robot/provail_ws/src/stretch_web_teleop_provail/install/stretch_web_teleop_provail/include/stretch_web_teleop_provail/stretch_web_teleop_provail/msg/detail\n'}
[14.064877] (stretch_web_teleop_provail) StdoutLine: {'line': b'-- Installing: /home/hello-robot/provail_ws/src/stretch_web_teleop_provail/install/stretch_web_teleop_provail/include/stretch_web_teleop_provail/stretch_web_teleop_provail/msg/detail/text_to_speech__rosidl_typesupport_introspection_cpp.hpp\n'}
[14.065385] (stretch_web_teleop_provail) StdoutLine: {'line': b'-- Installing: /home/hello-robot/provail_ws/src/stretch_web_teleop_provail/install/stretch_web_teleop_provail/include/stretch_web_teleop_provail/stretch_web_teleop_provail/msg/detail/text_to_speech__type_support.cpp\n'}
[14.065557] (stretch_web_teleop_provail) StdoutLine: {'line': b'-- Installing: /home/hello-robot/provail_ws/src/stretch_web_teleop_provail/install/stretch_web_teleop_provail/lib/libstretch_web_teleop_provail__rosidl_typesupport_introspection_cpp.so\n'}
[14.065965] (stretch_web_teleop_provail) StdoutLine: {'line': b'-- Set runtime path of "/home/hello-robot/provail_ws/src/stretch_web_teleop_provail/install/stretch_web_teleop_provail/lib/libstretch_web_teleop_provail__rosidl_typesupport_introspection_cpp.so" to ""\n'}
[14.066093] (stretch_web_teleop_provail) StdoutLine: {'line': b'-- Installing: /home/hello-robot/provail_ws/src/stretch_web_teleop_provail/install/stretch_web_teleop_provail/lib/libstretch_web_teleop_provail__rosidl_typesupport_cpp.so\n'}
[14.066460] (stretch_web_teleop_provail) StdoutLine: {'line': b'-- Set runtime path of "/home/hello-robot/provail_ws/src/stretch_web_teleop_provail/install/stretch_web_teleop_provail/lib/libstretch_web_teleop_provail__rosidl_typesupport_cpp.so" to ""\n'}
[14.066587] (stretch_web_teleop_provail) StdoutLine: {'line': b'-- Installing: /home/hello-robot/provail_ws/src/stretch_web_teleop_provail/install/stretch_web_teleop_provail/share/stretch_web_teleop_provail/environment/pythonpath.sh\n'}
[14.066693] (stretch_web_teleop_provail) StdoutLine: {'line': b'-- Installing: /home/hello-robot/provail_ws/src/stretch_web_teleop_provail/install/stretch_web_teleop_provail/share/stretch_web_teleop_provail/environment/pythonpath.dsv\n'}
[14.066791] (stretch_web_teleop_provail) StdoutLine: {'line': b'-- Installing: /home/hello-robot/provail_ws/src/stretch_web_teleop_provail/install/stretch_web_teleop_provail/local/lib/python3.10/dist-packages/stretch_web_teleop_provail-0.1.0-py3.10.egg-info\n'}
[14.069108] (stretch_web_teleop_provail) StdoutLine: {'line': b'-- Installing: /home/hello-robot/provail_ws/src/stretch_web_teleop_provail/install/stretch_web_teleop_provail/local/lib/python3.10/dist-packages/stretch_web_teleop_provail-0.1.0-py3.10.egg-info/top_level.txt\n'}
[14.069286] (stretch_web_teleop_provail) StdoutLine: {'line': b'-- Installing: /home/hello-robot/provail_ws/src/stretch_web_teleop_provail/install/stretch_web_teleop_provail/local/lib/python3.10/dist-packages/stretch_web_teleop_provail-0.1.0-py3.10.egg-info/PKG-INFO\n'}
[14.069417] (stretch_web_teleop_provail) StdoutLine: {'line': b'-- Installing: /home/hello-robot/provail_ws/src/stretch_web_teleop_provail/install/stretch_web_teleop_provail/local/lib/python3.10/dist-packages/stretch_web_teleop_provail-0.1.0-py3.10.egg-info/dependency_links.txt\n'}
[14.069521] (stretch_web_teleop_provail) StdoutLine: {'line': b'-- Installing: /home/hello-robot/provail_ws/src/stretch_web_teleop_provail/install/stretch_web_teleop_provail/local/lib/python3.10/dist-packages/stretch_web_teleop_provail-0.1.0-py3.10.egg-info/SOURCES.txt\n'}
[14.069620] (stretch_web_teleop_provail) StdoutLine: {'line': b'-- Installing: /home/hello-robot/provail_ws/src/stretch_web_teleop_provail/install/stretch_web_teleop_provail/local/lib/python3.10/dist-packages/stretch_web_teleop_provail\n'}
[14.069715] (stretch_web_teleop_provail) StdoutLine: {'line': b'-- Installing: /home/hello-robot/provail_ws/src/stretch_web_teleop_provail/install/stretch_web_teleop_provail/local/lib/python3.10/dist-packages/stretch_web_teleop_provail/stretch_web_teleop_provail_s__rosidl_typesupport_c.cpython-310-x86_64-linux-gnu.so\n'}
[14.069817] (stretch_web_teleop_provail) StdoutLine: {'line': b'-- Installing: /home/hello-robot/provail_ws/src/stretch_web_teleop_provail/install/stretch_web_teleop_provail/local/lib/python3.10/dist-packages/stretch_web_teleop_provail/action\n'}
[14.069910] (stretch_web_teleop_provail) StdoutLine: {'line': b'-- Installing: /home/hello-robot/provail_ws/src/stretch_web_teleop_provail/install/stretch_web_teleop_provail/local/lib/python3.10/dist-packages/stretch_web_teleop_provail/action/_move_to_pregrasp.py\n'}
[14.070026] (stretch_web_teleop_provail) StdoutLine: {'line': b'-- Installing: /home/hello-robot/provail_ws/src/stretch_web_teleop_provail/install/stretch_web_teleop_provail/local/lib/python3.10/dist-packages/stretch_web_teleop_provail/action/__init__.py\n'}
[14.070136] (stretch_web_teleop_provail) StdoutLine: {'line': b'-- Installing: /home/hello-robot/provail_ws/src/stretch_web_teleop_provail/install/stretch_web_teleop_provail/local/lib/python3.10/dist-packages/stretch_web_teleop_provail/action/_move_to_pregrasp_s.c\n'}
[14.070241] (stretch_web_teleop_provail) StdoutLine: {'line': b'-- Installing: /home/hello-robot/provail_ws/src/stretch_web_teleop_provail/install/stretch_web_teleop_provail/local/lib/python3.10/dist-packages/stretch_web_teleop_provail/stretch_web_teleop_provail_s__rosidl_typesupport_introspection_c.cpython-310-x86_64-linux-gnu.so\n'}
[14.070340] (stretch_web_teleop_provail) StdoutLine: {'line': b'-- Installing: /home/hello-robot/provail_ws/src/stretch_web_teleop_provail/install/stretch_web_teleop_provail/local/lib/python3.10/dist-packages/stretch_web_teleop_provail/_stretch_web_teleop_provail_s.ep.rosidl_typesupport_fastrtps_c.c\n'}
[14.070448] (stretch_web_teleop_provail) StdoutLine: {'line': b'-- Installing: /home/hello-robot/provail_ws/src/stretch_web_teleop_provail/install/stretch_web_teleop_provail/local/lib/python3.10/dist-packages/stretch_web_teleop_provail/msg\n'}
[14.070548] (stretch_web_teleop_provail) StdoutLine: {'line': b'-- Installing: /home/hello-robot/provail_ws/src/stretch_web_teleop_provail/install/stretch_web_teleop_provail/local/lib/python3.10/dist-packages/stretch_web_teleop_provail/msg/__init__.py\n'}
[14.070644] (stretch_web_teleop_provail) StdoutLine: {'line': b'-- Installing: /home/hello-robot/provail_ws/src/stretch_web_teleop_provail/install/stretch_web_teleop_provail/local/lib/python3.10/dist-packages/stretch_web_teleop_provail/msg/_text_to_speech.py\n'}
[14.070742] (stretch_web_teleop_provail) StdoutLine: {'line': b'-- Installing: /home/hello-robot/provail_ws/src/stretch_web_teleop_provail/install/stretch_web_teleop_provail/local/lib/python3.10/dist-packages/stretch_web_teleop_provail/msg/_text_to_speech_s.c\n'}
[14.070838] (stretch_web_teleop_provail) StdoutLine: {'line': b'-- Installing: /home/hello-robot/provail_ws/src/stretch_web_teleop_provail/install/stretch_web_teleop_provail/local/lib/python3.10/dist-packages/stretch_web_teleop_provail/libstretch_web_teleop_provail__rosidl_generator_py.so\n'}
[14.070932] (stretch_web_teleop_provail) StdoutLine: {'line': b'-- Installing: /home/hello-robot/provail_ws/src/stretch_web_teleop_provail/install/stretch_web_teleop_provail/local/lib/python3.10/dist-packages/stretch_web_teleop_provail/_stretch_web_teleop_provail_s.ep.rosidl_typesupport_c.c\n'}
[14.073783] (stretch_web_teleop_provail) StdoutLine: {'line': b'-- Installing: /home/hello-robot/provail_ws/src/stretch_web_teleop_provail/install/stretch_web_teleop_provail/local/lib/python3.10/dist-packages/stretch_web_teleop_provail/_stretch_web_teleop_provail_s.ep.rosidl_typesupport_introspection_c.c\n'}
[14.073968] (stretch_web_teleop_provail) StdoutLine: {'line': b'-- Installing: /home/hello-robot/provail_ws/src/stretch_web_teleop_provail/install/stretch_web_teleop_provail/local/lib/python3.10/dist-packages/stretch_web_teleop_provail/__init__.py\n'}
[14.074081] (stretch_web_teleop_provail) StdoutLine: {'line': b'-- Installing: /home/hello-robot/provail_ws/src/stretch_web_teleop_provail/install/stretch_web_teleop_provail/local/lib/python3.10/dist-packages/stretch_web_teleop_provail/stretch_web_teleop_provail_s__rosidl_typesupport_fastrtps_c.cpython-310-x86_64-linux-gnu.so\n'}
[14.131130] (-) TimerEvent: {}
[14.172214] (stretch_web_teleop_provail) StdoutLine: {'line': b"Listing '/home/hello-robot/provail_ws/src/stretch_web_teleop_provail/install/stretch_web_teleop_provail/local/lib/python3.10/dist-packages/stretch_web_teleop_provail'...\n"}
[14.172580] (stretch_web_teleop_provail) StdoutLine: {'line': b"Compiling '/home/hello-robot/provail_ws/src/stretch_web_teleop_provail/install/stretch_web_teleop_provail/local/lib/python3.10/dist-packages/stretch_web_teleop_provail/__init__.py'...\n"}
[14.172732] (stretch_web_teleop_provail) StdoutLine: {'line': b"Listing '/home/hello-robot/provail_ws/src/stretch_web_teleop_provail/install/stretch_web_teleop_provail/local/lib/python3.10/dist-packages/stretch_web_teleop_provail/action'...\n"}
[14.172843] (stretch_web_teleop_provail) StdoutLine: {'line': b"Compiling '/home/hello-robot/provail_ws/src/stretch_web_teleop_provail/install/stretch_web_teleop_provail/local/lib/python3.10/dist-packages/stretch_web_teleop_provail/action/__init__.py'...\n"}
[14.172940] (stretch_web_teleop_provail) StdoutLine: {'line': b"Compiling '/home/hello-robot/provail_ws/src/stretch_web_teleop_provail/install/stretch_web_teleop_provail/local/lib/python3.10/dist-packages/stretch_web_teleop_provail/action/_move_to_pregrasp.py'...\n"}
[14.173034] (stretch_web_teleop_provail) StdoutLine: {'line': b"Listing '/home/hello-robot/provail_ws/src/stretch_web_teleop_provail/install/stretch_web_teleop_provail/local/lib/python3.10/dist-packages/stretch_web_teleop_provail/msg'...\n"}
[14.173160] (stretch_web_teleop_provail) StdoutLine: {'line': b"Compiling '/home/hello-robot/provail_ws/src/stretch_web_teleop_provail/install/stretch_web_teleop_provail/local/lib/python3.10/dist-packages/stretch_web_teleop_provail/msg/__init__.py'...\n"}
[14.173279] (stretch_web_teleop_provail) StdoutLine: {'line': b"Compiling '/home/hello-robot/provail_ws/src/stretch_web_teleop_provail/install/stretch_web_teleop_provail/local/lib/python3.10/dist-packages/stretch_web_teleop_provail/msg/_text_to_speech.py'...\n"}
[14.180674] (stretch_web_teleop_provail) StdoutLine: {'line': b'-- Installing: /home/hello-robot/provail_ws/src/stretch_web_teleop_provail/install/stretch_web_teleop_provail/local/lib/python3.10/dist-packages/stretch_web_teleop_provail/stretch_web_teleop_provail_s__rosidl_typesupport_fastrtps_c.cpython-310-x86_64-linux-gnu.so\n'}
[14.181194] (stretch_web_teleop_provail) StdoutLine: {'line': b'-- Set runtime path of "/home/hello-robot/provail_ws/src/stretch_web_teleop_provail/install/stretch_web_teleop_provail/local/lib/python3.10/dist-packages/stretch_web_teleop_provail/stretch_web_teleop_provail_s__rosidl_typesupport_fastrtps_c.cpython-310-x86_64-linux-gnu.so" to ""\n'}
[14.181526] (stretch_web_teleop_provail) StdoutLine: {'line': b'-- Installing: /home/hello-robot/provail_ws/src/stretch_web_teleop_provail/install/stretch_web_teleop_provail/local/lib/python3.10/dist-packages/stretch_web_teleop_provail/stretch_web_teleop_provail_s__rosidl_typesupport_introspection_c.cpython-310-x86_64-linux-gnu.so\n'}
[14.182092] (stretch_web_teleop_provail) StdoutLine: {'line': b'-- Set runtime path of "/home/hello-robot/provail_ws/src/stretch_web_teleop_provail/install/stretch_web_teleop_provail/local/lib/python3.10/dist-packages/stretch_web_teleop_provail/stretch_web_teleop_provail_s__rosidl_typesupport_introspection_c.cpython-310-x86_64-linux-gnu.so" to ""\n'}
[14.182427] (stretch_web_teleop_provail) StdoutLine: {'line': b'-- Installing: /home/hello-robot/provail_ws/src/stretch_web_teleop_provail/install/stretch_web_teleop_provail/local/lib/python3.10/dist-packages/stretch_web_teleop_provail/stretch_web_teleop_provail_s__rosidl_typesupport_c.cpython-310-x86_64-linux-gnu.so\n'}
[14.182979] (stretch_web_teleop_provail) StdoutLine: {'line': b'-- Set runtime path of "/home/hello-robot/provail_ws/src/stretch_web_teleop_provail/install/stretch_web_teleop_provail/local/lib/python3.10/dist-packages/stretch_web_teleop_provail/stretch_web_teleop_provail_s__rosidl_typesupport_c.cpython-310-x86_64-linux-gnu.so" to ""\n'}
[14.184541] (stretch_web_teleop_provail) StdoutLine: {'line': b'-- Installing: /home/hello-robot/provail_ws/src/stretch_web_teleop_provail/install/stretch_web_teleop_provail/lib/libstretch_web_teleop_provail__rosidl_generator_py.so\n'}
[14.184991] (stretch_web_teleop_provail) StdoutLine: {'line': b'-- Set runtime path of "/home/hello-robot/provail_ws/src/stretch_web_teleop_provail/install/stretch_web_teleop_provail/lib/libstretch_web_teleop_provail__rosidl_generator_py.so" to ""\n'}
[14.185178] (stretch_web_teleop_provail) StdoutLine: {'line': b'-- Installing: /home/hello-robot/provail_ws/src/stretch_web_teleop_provail/install/stretch_web_teleop_provail/share/stretch_web_teleop_provail/action/MoveToPregrasp.idl\n'}
[14.185323] (stretch_web_teleop_provail) StdoutLine: {'line': b'-- Installing: /home/hello-robot/provail_ws/src/stretch_web_teleop_provail/install/stretch_web_teleop_provail/share/stretch_web_teleop_provail/msg/TextToSpeech.idl\n'}
[14.185441] (stretch_web_teleop_provail) StdoutLine: {'line': b'-- Installing: /home/hello-robot/provail_ws/src/stretch_web_teleop_provail/install/stretch_web_teleop_provail/share/stretch_web_teleop_provail/action/MoveToPregrasp.action\n'}
[14.185541] (stretch_web_teleop_provail) StdoutLine: {'line': b'-- Installing: /home/hello-robot/provail_ws/src/stretch_web_teleop_provail/install/stretch_web_teleop_provail/share/stretch_web_teleop_provail/msg/TextToSpeech.msg\n'}
[14.185660] (stretch_web_teleop_provail) StdoutLine: {'line': b'-- Installing: /home/hello-robot/provail_ws/src/stretch_web_teleop_provail/install/stretch_web_teleop_provail/local/lib/python3.10/dist-packages/stretch_web_teleop_provail_helpers-0.1.0-py3.10.egg-info\n'}
[14.185758] (stretch_web_teleop_provail) StdoutLine: {'line': b'-- Installing: /home/hello-robot/provail_ws/src/stretch_web_teleop_provail/install/stretch_web_teleop_provail/local/lib/python3.10/dist-packages/stretch_web_teleop_provail_helpers-0.1.0-py3.10.egg-info/top_level.txt\n'}
[14.185850] (stretch_web_teleop_provail) StdoutLine: {'line': b'-- Installing: /home/hello-robot/provail_ws/src/stretch_web_teleop_provail/install/stretch_web_teleop_provail/local/lib/python3.10/dist-packages/stretch_web_teleop_provail_helpers-0.1.0-py3.10.egg-info/PKG-INFO\n'}
[14.185945] (stretch_web_teleop_provail) StdoutLine: {'line': b'-- Installing: /home/hello-robot/provail_ws/src/stretch_web_teleop_provail/install/stretch_web_teleop_provail/local/lib/python3.10/dist-packages/stretch_web_teleop_provail_helpers-0.1.0-py3.10.egg-info/dependency_links.txt\n'}
[14.186126] (stretch_web_teleop_provail) StdoutLine: {'line': b'-- Installing: /home/hello-robot/provail_ws/src/stretch_web_teleop_provail/install/stretch_web_teleop_provail/local/lib/python3.10/dist-packages/stretch_web_teleop_provail_helpers-0.1.0-py3.10.egg-info/SOURCES.txt\n'}
[14.186278] (stretch_web_teleop_provail) StdoutLine: {'line': b'-- Installing: /home/hello-robot/provail_ws/src/stretch_web_teleop_provail/install/stretch_web_teleop_provail/local/lib/python3.10/dist-packages/stretch_web_teleop_provail_helpers\n'}
[14.186406] (stretch_web_teleop_provail) StdoutLine: {'line': b'-- Installing: /home/hello-robot/provail_ws/src/stretch_web_teleop_provail/install/stretch_web_teleop_provail/local/lib/python3.10/dist-packages/stretch_web_teleop_provail_helpers/pinocchio_ik_solver.py\n'}
[14.186516] (stretch_web_teleop_provail) StdoutLine: {'line': b'-- Installing: /home/hello-robot/provail_ws/src/stretch_web_teleop_provail/install/stretch_web_teleop_provail/local/lib/python3.10/dist-packages/stretch_web_teleop_provail_helpers/move_to_pregrasp_state.py\n'}
[14.186612] (stretch_web_teleop_provail) StdoutLine: {'line': b'-- Installing: /home/hello-robot/provail_ws/src/stretch_web_teleop_provail/install/stretch_web_teleop_provail/local/lib/python3.10/dist-packages/stretch_web_teleop_provail_helpers/__init__.py\n'}
[14.186704] (stretch_web_teleop_provail) StdoutLine: {'line': b'-- Installing: /home/hello-robot/provail_ws/src/stretch_web_teleop_provail/install/stretch_web_teleop_provail/local/lib/python3.10/dist-packages/stretch_web_teleop_provail_helpers/text_to_speech_helpers.py\n'}
[14.186800] (stretch_web_teleop_provail) StdoutLine: {'line': b'-- Installing: /home/hello-robot/provail_ws/src/stretch_web_teleop_provail/install/stretch_web_teleop_provail/local/lib/python3.10/dist-packages/stretch_web_teleop_provail_helpers/constants.py\n'}
[14.186904] (stretch_web_teleop_provail) StdoutLine: {'line': b'-- Installing: /home/hello-robot/provail_ws/src/stretch_web_teleop_provail/install/stretch_web_teleop_provail/local/lib/python3.10/dist-packages/stretch_web_teleop_provail_helpers/stretch_ik_control.py\n'}
[14.187062] (stretch_web_teleop_provail) StdoutLine: {'line': b'-- Installing: /home/hello-robot/provail_ws/src/stretch_web_teleop_provail/install/stretch_web_teleop_provail/local/lib/python3.10/dist-packages/stretch_web_teleop_provail_helpers/conversions.py\n'}
[14.231209] (-) TimerEvent: {}
[14.297882] (stretch_web_teleop_provail) StdoutLine: {'line': b"Listing '/home/hello-robot/provail_ws/src/stretch_web_teleop_provail/install/stretch_web_teleop_provail/local/lib/python3.10/dist-packages/stretch_web_teleop_provail_helpers'...\n"}
[14.298093] (stretch_web_teleop_provail) StdoutLine: {'line': b"Compiling '/home/hello-robot/provail_ws/src/stretch_web_teleop_provail/install/stretch_web_teleop_provail/local/lib/python3.10/dist-packages/stretch_web_teleop_provail_helpers/__init__.py'...\n"}
[14.298259] (stretch_web_teleop_provail) StdoutLine: {'line': b"Compiling '/home/hello-robot/provail_ws/src/stretch_web_teleop_provail/install/stretch_web_teleop_provail/local/lib/python3.10/dist-packages/stretch_web_teleop_provail_helpers/constants.py'...\n"}
[14.298385] (stretch_web_teleop_provail) StdoutLine: {'line': b"Compiling '/home/hello-robot/provail_ws/src/stretch_web_teleop_provail/install/stretch_web_teleop_provail/local/lib/python3.10/dist-packages/stretch_web_teleop_provail_helpers/conversions.py'...\n"}
[14.298529] (stretch_web_teleop_provail) StdoutLine: {'line': b"Compiling '/home/hello-robot/provail_ws/src/stretch_web_teleop_provail/install/stretch_web_teleop_provail/local/lib/python3.10/dist-packages/stretch_web_teleop_provail_helpers/move_to_pregrasp_state.py'...\n"}
[14.298658] (stretch_web_teleop_provail) StdoutLine: {'line': b"Compiling '/home/hello-robot/provail_ws/src/stretch_web_teleop_provail/install/stretch_web_teleop_provail/local/lib/python3.10/dist-packages/stretch_web_teleop_provail_helpers/pinocchio_ik_solver.py'...\n"}
[14.298773] (stretch_web_teleop_provail) StdoutLine: {'line': b"Compiling '/home/hello-robot/provail_ws/src/stretch_web_teleop_provail/install/stretch_web_teleop_provail/local/lib/python3.10/dist-packages/stretch_web_teleop_provail_helpers/stretch_ik_control.py'...\n"}
[14.298903] (stretch_web_teleop_provail) StdoutLine: {'line': b"Compiling '/home/hello-robot/provail_ws/src/stretch_web_teleop_provail/install/stretch_web_teleop_provail/local/lib/python3.10/dist-packages/stretch_web_teleop_provail_helpers/text_to_speech_helpers.py'...\n"}
[14.306028] (stretch_web_teleop_provail) StdoutLine: {'line': b'-- Installing: /home/hello-robot/provail_ws/src/stretch_web_teleop_provail/install/stretch_web_teleop_provail/lib/stretch_web_teleop_provail/compressed_image_visualizer.py\n'}
[14.306229] (stretch_web_teleop_provail) StdoutLine: {'line': b'-- Installing: /home/hello-robot/provail_ws/src/stretch_web_teleop_provail/install/stretch_web_teleop_provail/lib/stretch_web_teleop_provail/configure_video_streams.py\n'}
[14.306634] (stretch_web_teleop_provail) StdoutLine: {'line': b'-- Installing: /home/hello-robot/provail_ws/src/stretch_web_teleop_provail/install/stretch_web_teleop_provail/lib/stretch_web_teleop_provail/move_to_pregrasp.py\n'}
[14.306820] (stretch_web_teleop_provail) StdoutLine: {'line': b'-- Installing: /home/hello-robot/provail_ws/src/stretch_web_teleop_provail/install/stretch_web_teleop_provail/lib/stretch_web_teleop_provail/navigation_camera.py\n'}
[14.307227] (stretch_web_teleop_provail) StdoutLine: {'line': b'-- Installing: /home/hello-robot/provail_ws/src/stretch_web_teleop_provail/install/stretch_web_teleop_provail/lib/stretch_web_teleop_provail/text_to_speech.py\n'}
[14.307428] (stretch_web_teleop_provail) StdoutLine: {'line': b'-- Installing: /home/hello-robot/provail_ws/src/stretch_web_teleop_provail/install/stretch_web_teleop_provail/lib/stretch_web_teleop_provail/text_to_speech_ui.py\n'}
[14.308224] (stretch_web_teleop_provail) StdoutLine: {'line': b'-- Installing: /home/hello-robot/provail_ws/src/stretch_web_teleop_provail/install/stretch_web_teleop_provail/share/stretch_web_teleop_provail/launch\n'}
[14.308406] (stretch_web_teleop_provail) StdoutLine: {'line': b'-- Installing: /home/hello-robot/provail_ws/src/stretch_web_teleop_provail/install/stretch_web_teleop_provail/share/stretch_web_teleop_provail/launch/multi_camera.launch.py\n'}
[14.308525] (stretch_web_teleop_provail) StdoutLine: {'line': b'-- Installing: /home/hello-robot/provail_ws/src/stretch_web_teleop_provail/install/stretch_web_teleop_provail/share/stretch_web_teleop_provail/launch/gripper_camera.launch.py\n'}
[14.309176] (stretch_web_teleop_provail) StdoutLine: {'line': b'-- Installing: /home/hello-robot/provail_ws/src/stretch_web_teleop_provail/install/stretch_web_teleop_provail/share/stretch_web_teleop_provail/launch/__pycache__\n'}
[14.309581] (stretch_web_teleop_provail) StdoutLine: {'line': b'-- Installing: /home/hello-robot/provail_ws/src/stretch_web_teleop_provail/install/stretch_web_teleop_provail/share/stretch_web_teleop_provail/launch/__pycache__/web_interface.launch.cpython-310.pyc\n'}
[14.309828] (stretch_web_teleop_provail) StdoutLine: {'line': b'-- Installing: /home/hello-robot/provail_ws/src/stretch_web_teleop_provail/install/stretch_web_teleop_provail/share/stretch_web_teleop_provail/launch/web_interface.launch.py\n'}
[14.310063] (stretch_web_teleop_provail) StdoutLine: {'line': b'-- Installing: /home/hello-robot/provail_ws/src/stretch_web_teleop_provail/install/stretch_web_teleop_provail/share/stretch_web_teleop_provail/launch/navigation_camera.launch.py\n'}
[14.310205] (stretch_web_teleop_provail) StdoutLine: {'line': b'-- Installing: /home/hello-robot/provail_ws/src/stretch_web_teleop_provail/install/stretch_web_teleop_provail/share/stretch_web_teleop_provail/certificates\n'}
[14.311825] (stretch_web_teleop_provail) StdoutLine: {'line': b'-- Installing: /home/hello-robot/provail_ws/src/stretch_web_teleop_provail/install/stretch_web_teleop_provail/share/stretch_web_teleop_provail/certificates/stretch-re2-2049+6-key.pem\n'}
[14.312044] (stretch_web_teleop_provail) StdoutLine: {'line': b'-- Installing: /home/hello-robot/provail_ws/src/stretch_web_teleop_provail/install/stretch_web_teleop_provail/share/stretch_web_teleop_provail/certificates/stretch-re2-2049+6.pem\n'}
[14.312211] (stretch_web_teleop_provail) StdoutLine: {'line': b'-- Installing: /home/hello-robot/provail_ws/src/stretch_web_teleop_provail/install/stretch_web_teleop_provail/share/stretch_web_teleop_provail/certificates/rootCA-key.pem\n'}
[14.312347] (stretch_web_teleop_provail) StdoutLine: {'line': b'-- Installing: /home/hello-robot/provail_ws/src/stretch_web_teleop_provail/install/stretch_web_teleop_provail/share/stretch_web_teleop_provail/certificates/rootCA.pem\n'}
[14.312493] (stretch_web_teleop_provail) StdoutLine: {'line': b'-- Installing: /home/hello-robot/provail_ws/src/stretch_web_teleop_provail/install/stretch_web_teleop_provail/share/stretch_web_teleop_provail/certificates/.gitkeep\n'}
[14.312626] (stretch_web_teleop_provail) StdoutLine: {'line': b'-- Installing: /home/hello-robot/provail_ws/src/stretch_web_teleop_provail/install/stretch_web_teleop_provail/share/stretch_web_teleop_provail/nodes\n'}
[14.312765] (stretch_web_teleop_provail) StdoutLine: {'line': b'-- Installing: /home/hello-robot/provail_ws/src/stretch_web_teleop_provail/install/stretch_web_teleop_provail/share/stretch_web_teleop_provail/nodes/old_navigation_camera.py\n'}
[14.312890] (stretch_web_teleop_provail) StdoutLine: {'line': b'-- Installing: /home/hello-robot/provail_ws/src/stretch_web_teleop_provail/install/stretch_web_teleop_provail/share/stretch_web_teleop_provail/nodes/move_to_pregrasp.py\n'}
[14.313028] (stretch_web_teleop_provail) StdoutLine: {'line': b'-- Installing: /home/hello-robot/provail_ws/src/stretch_web_teleop_provail/install/stretch_web_teleop_provail/share/stretch_web_teleop_provail/nodes/gripper_camera.py\n'}
[14.313359] (stretch_web_teleop_provail) StdoutLine: {'line': b'-- Installing: /home/hello-robot/provail_ws/src/stretch_web_teleop_provail/install/stretch_web_teleop_provail/share/stretch_web_teleop_provail/nodes/configure_video_streams.py\n'}
[14.313499] (stretch_web_teleop_provail) StdoutLine: {'line': b'-- Installing: /home/hello-robot/provail_ws/src/stretch_web_teleop_provail/install/stretch_web_teleop_provail/share/stretch_web_teleop_provail/nodes/__pycache__\n'}
[14.313643] (stretch_web_teleop_provail) StdoutLine: {'line': b'-- Installing: /home/hello-robot/provail_ws/src/stretch_web_teleop_provail/install/stretch_web_teleop_provail/share/stretch_web_teleop_provail/nodes/__pycache__/text_to_speech.cpython-310.pyc\n'}
[14.313833] (stretch_web_teleop_provail) StdoutLine: {'line': b'-- Installing: /home/hello-robot/provail_ws/src/stretch_web_teleop_provail/install/stretch_web_teleop_provail/share/stretch_web_teleop_provail/nodes/__pycache__/move_to_pregrasp.cpython-310.pyc\n'}
[14.313980] (stretch_web_teleop_provail) StdoutLine: {'line': b'-- Installing: /home/hello-robot/provail_ws/src/stretch_web_teleop_provail/install/stretch_web_teleop_provail/share/stretch_web_teleop_provail/nodes/__pycache__/configure_video_streams.cpython-310.pyc\n'}
[14.314127] (stretch_web_teleop_provail) StdoutLine: {'line': b'-- Installing: /home/hello-robot/provail_ws/src/stretch_web_teleop_provail/install/stretch_web_teleop_provail/share/stretch_web_teleop_provail/nodes/__pycache__/text_to_speech_ui.cpython-310.pyc\n'}
[14.314342] (stretch_web_teleop_provail) StdoutLine: {'line': b'-- Installing: /home/hello-robot/provail_ws/src/stretch_web_teleop_provail/install/stretch_web_teleop_provail/share/stretch_web_teleop_provail/nodes/navigation_camera.py\n'}
[14.314500] (stretch_web_teleop_provail) StdoutLine: {'line': b'-- Installing: /home/hello-robot/provail_ws/src/stretch_web_teleop_provail/install/stretch_web_teleop_provail/share/stretch_web_teleop_provail/nodes/text_to_speech.py\n'}
[14.314617] (stretch_web_teleop_provail) StdoutLine: {'line': b'-- Installing: /home/hello-robot/provail_ws/src/stretch_web_teleop_provail/install/stretch_web_teleop_provail/share/stretch_web_teleop_provail/nodes/compressed_image_visualizer.py\n'}
[14.314750] (stretch_web_teleop_provail) StdoutLine: {'line': b'-- Installing: /home/hello-robot/provail_ws/src/stretch_web_teleop_provail/install/stretch_web_teleop_provail/share/stretch_web_teleop_provail/nodes/blank_image.png\n'}
[14.314874] (stretch_web_teleop_provail) StdoutLine: {'line': b'-- Installing: /home/hello-robot/provail_ws/src/stretch_web_teleop_provail/install/stretch_web_teleop_provail/share/stretch_web_teleop_provail/nodes/text_to_speech_ui.py\n'}
[14.315013] (stretch_web_teleop_provail) StdoutLine: {'line': b'-- Installing: /home/hello-robot/provail_ws/src/stretch_web_teleop_provail/install/stretch_web_teleop_provail/share/stretch_web_teleop_provail/config\n'}
[14.315204] (stretch_web_teleop_provail) StdoutLine: {'line': b'-- Installing: /home/hello-robot/provail_ws/src/stretch_web_teleop_provail/install/stretch_web_teleop_provail/share/stretch_web_teleop_provail/config/configure_video_streams_params.yaml\n'}
[14.315348] (stretch_web_teleop_provail) StdoutLine: {'line': b'-- Installing: /home/hello-robot/provail_ws/src/stretch_web_teleop_provail/install/stretch_web_teleop_provail/share/stretch_web_teleop_provail/config/text_to_speech_ui_history.txt\n'}
[14.315466] (stretch_web_teleop_provail) StdoutLine: {'line': b'-- Installing: /home/hello-robot/provail_ws/src/stretch_web_teleop_provail/install/stretch_web_teleop_provail/share/stretch_web_teleop_provail/maps\n'}
[14.315606] (stretch_web_teleop_provail) StdoutLine: {'line': b'-- Installing: /home/hello-robot/provail_ws/src/stretch_web_teleop_provail/install/stretch_web_teleop_provail/share/stretch_web_teleop_provail/maps/map.yaml\n'}
[14.315729] (stretch_web_teleop_provail) StdoutLine: {'line': b'-- Installing: /home/hello-robot/provail_ws/src/stretch_web_teleop_provail/install/stretch_web_teleop_provail/share/stretch_web_teleop_provail/maps/map.pgm\n'}
[14.315871] (stretch_web_teleop_provail) StdoutLine: {'line': b'-- Installing: /home/hello-robot/provail_ws/src/stretch_web_teleop_provail/install/stretch_web_teleop_provail/share/ament_index/resource_index/package_run_dependencies/stretch_web_teleop_provail\n'}
[14.316064] (stretch_web_teleop_provail) StdoutLine: {'line': b'-- Installing: /home/hello-robot/provail_ws/src/stretch_web_teleop_provail/install/stretch_web_teleop_provail/share/ament_index/resource_index/parent_prefix_path/stretch_web_teleop_provail\n'}
[14.316228] (stretch_web_teleop_provail) StdoutLine: {'line': b'-- Installing: /home/hello-robot/provail_ws/src/stretch_web_teleop_provail/install/stretch_web_teleop_provail/share/stretch_web_teleop_provail/environment/ament_prefix_path.sh\n'}
[14.316393] (stretch_web_teleop_provail) StdoutLine: {'line': b'-- Installing: /home/hello-robot/provail_ws/src/stretch_web_teleop_provail/install/stretch_web_teleop_provail/share/stretch_web_teleop_provail/environment/ament_prefix_path.dsv\n'}
[14.316536] (stretch_web_teleop_provail) StdoutLine: {'line': b'-- Installing: /home/hello-robot/provail_ws/src/stretch_web_teleop_provail/install/stretch_web_teleop_provail/share/stretch_web_teleop_provail/environment/path.sh\n'}
[14.316656] (stretch_web_teleop_provail) StdoutLine: {'line': b'-- Installing: /home/hello-robot/provail_ws/src/stretch_web_teleop_provail/install/stretch_web_teleop_provail/share/stretch_web_teleop_provail/environment/path.dsv\n'}
[14.316790] (stretch_web_teleop_provail) StdoutLine: {'line': b'-- Installing: /home/hello-robot/provail_ws/src/stretch_web_teleop_provail/install/stretch_web_teleop_provail/share/stretch_web_teleop_provail/local_setup.bash\n'}
[14.316970] (stretch_web_teleop_provail) StdoutLine: {'line': b'-- Installing: /home/hello-robot/provail_ws/src/stretch_web_teleop_provail/install/stretch_web_teleop_provail/share/stretch_web_teleop_provail/local_setup.sh\n'}
[14.317119] (stretch_web_teleop_provail) StdoutLine: {'line': b'-- Installing: /home/hello-robot/provail_ws/src/stretch_web_teleop_provail/install/stretch_web_teleop_provail/share/stretch_web_teleop_provail/local_setup.zsh\n'}
[14.317250] (stretch_web_teleop_provail) StdoutLine: {'line': b'-- Installing: /home/hello-robot/provail_ws/src/stretch_web_teleop_provail/install/stretch_web_teleop_provail/share/stretch_web_teleop_provail/local_setup.dsv\n'}
[14.317384] (stretch_web_teleop_provail) StdoutLine: {'line': b'-- Installing: /home/hello-robot/provail_ws/src/stretch_web_teleop_provail/install/stretch_web_teleop_provail/share/stretch_web_teleop_provail/package.dsv\n'}
[14.317512] (stretch_web_teleop_provail) StdoutLine: {'line': b'-- Installing: /home/hello-robot/provail_ws/src/stretch_web_teleop_provail/install/stretch_web_teleop_provail/share/ament_index/resource_index/packages/stretch_web_teleop_provail\n'}
[14.317635] (stretch_web_teleop_provail) StdoutLine: {'line': b'-- Installing: /home/hello-robot/provail_ws/src/stretch_web_teleop_provail/install/stretch_web_teleop_provail/share/stretch_web_teleop_provail/cmake/export_stretch_web_teleop_provail__rosidl_generator_cExport.cmake\n'}
[14.317758] (stretch_web_teleop_provail) StdoutLine: {'line': b'-- Installing: /home/hello-robot/provail_ws/src/stretch_web_teleop_provail/install/stretch_web_teleop_provail/share/stretch_web_teleop_provail/cmake/export_stretch_web_teleop_provail__rosidl_generator_cExport-noconfig.cmake\n'}
[14.317887] (stretch_web_teleop_provail) StdoutLine: {'line': b'-- Installing: /home/hello-robot/provail_ws/src/stretch_web_teleop_provail/install/stretch_web_teleop_provail/share/stretch_web_teleop_provail/cmake/export_stretch_web_teleop_provail__rosidl_typesupport_fastrtps_cExport.cmake\n'}
[14.318019] (stretch_web_teleop_provail) StdoutLine: {'line': b'-- Installing: /home/hello-robot/provail_ws/src/stretch_web_teleop_provail/install/stretch_web_teleop_provail/share/stretch_web_teleop_provail/cmake/export_stretch_web_teleop_provail__rosidl_typesupport_fastrtps_cExport-noconfig.cmake\n'}
[14.318157] (stretch_web_teleop_provail) StdoutLine: {'line': b'-- Installing: /home/hello-robot/provail_ws/src/stretch_web_teleop_provail/install/stretch_web_teleop_provail/share/stretch_web_teleop_provail/cmake/export_stretch_web_teleop_provail__rosidl_generator_cppExport.cmake\n'}
[14.318299] (stretch_web_teleop_provail) StdoutLine: {'line': b'-- Installing: /home/hello-robot/provail_ws/src/stretch_web_teleop_provail/install/stretch_web_teleop_provail/share/stretch_web_teleop_provail/cmake/export_stretch_web_teleop_provail__rosidl_typesupport_fastrtps_cppExport.cmake\n'}
[14.318421] (stretch_web_teleop_provail) StdoutLine: {'line': b'-- Installing: /home/hello-robot/provail_ws/src/stretch_web_teleop_provail/install/stretch_web_teleop_provail/share/stretch_web_teleop_provail/cmake/export_stretch_web_teleop_provail__rosidl_typesupport_fastrtps_cppExport-noconfig.cmake\n'}
[14.318558] (stretch_web_teleop_provail) StdoutLine: {'line': b'-- Installing: /home/hello-robot/provail_ws/src/stretch_web_teleop_provail/install/stretch_web_teleop_provail/share/stretch_web_teleop_provail/cmake/stretch_web_teleop_provail__rosidl_typesupport_introspection_cExport.cmake\n'}
[14.320007] (stretch_web_teleop_provail) StdoutLine: {'line': b'-- Installing: /home/hello-robot/provail_ws/src/stretch_web_teleop_provail/install/stretch_web_teleop_provail/share/stretch_web_teleop_provail/cmake/stretch_web_teleop_provail__rosidl_typesupport_introspection_cExport-noconfig.cmake\n'}
[14.320229] (stretch_web_teleop_provail) StdoutLine: {'line': b'-- Installing: /home/hello-robot/provail_ws/src/stretch_web_teleop_provail/install/stretch_web_teleop_provail/share/stretch_web_teleop_provail/cmake/stretch_web_teleop_provail__rosidl_typesupport_cExport.cmake\n'}
[14.320354] (stretch_web_teleop_provail) StdoutLine: {'line': b'-- Installing: /home/hello-robot/provail_ws/src/stretch_web_teleop_provail/install/stretch_web_teleop_provail/share/stretch_web_teleop_provail/cmake/stretch_web_teleop_provail__rosidl_typesupport_cExport-noconfig.cmake\n'}
[14.320454] (stretch_web_teleop_provail) StdoutLine: {'line': b'-- Installing: /home/hello-robot/provail_ws/src/stretch_web_teleop_provail/install/stretch_web_teleop_provail/share/stretch_web_teleop_provail/cmake/stretch_web_teleop_provail__rosidl_typesupport_introspection_cppExport.cmake\n'}
[14.320555] (stretch_web_teleop_provail) StdoutLine: {'line': b'-- Installing: /home/hello-robot/provail_ws/src/stretch_web_teleop_provail/install/stretch_web_teleop_provail/share/stretch_web_teleop_provail/cmake/stretch_web_teleop_provail__rosidl_typesupport_introspection_cppExport-noconfig.cmake\n'}
[14.320652] (stretch_web_teleop_provail) StdoutLine: {'line': b'-- Installing: /home/hello-robot/provail_ws/src/stretch_web_teleop_provail/install/stretch_web_teleop_provail/share/stretch_web_teleop_provail/cmake/stretch_web_teleop_provail__rosidl_typesupport_cppExport.cmake\n'}
[14.320748] (stretch_web_teleop_provail) StdoutLine: {'line': b'-- Installing: /home/hello-robot/provail_ws/src/stretch_web_teleop_provail/install/stretch_web_teleop_provail/share/stretch_web_teleop_provail/cmake/stretch_web_teleop_provail__rosidl_typesupport_cppExport-noconfig.cmake\n'}
[14.320865] (stretch_web_teleop_provail) StdoutLine: {'line': b'-- Installing: /home/hello-robot/provail_ws/src/stretch_web_teleop_provail/install/stretch_web_teleop_provail/share/stretch_web_teleop_provail/cmake/export_stretch_web_teleop_provail__rosidl_generator_pyExport.cmake\n'}
[14.320963] (stretch_web_teleop_provail) StdoutLine: {'line': b'-- Installing: /home/hello-robot/provail_ws/src/stretch_web_teleop_provail/install/stretch_web_teleop_provail/share/stretch_web_teleop_provail/cmake/export_stretch_web_teleop_provail__rosidl_generator_pyExport-noconfig.cmake\n'}
[14.321056] (stretch_web_teleop_provail) StdoutLine: {'line': b'-- Installing: /home/hello-robot/provail_ws/src/stretch_web_teleop_provail/install/stretch_web_teleop_provail/share/stretch_web_teleop_provail/cmake/rosidl_cmake-extras.cmake\n'}
[14.321168] (stretch_web_teleop_provail) StdoutLine: {'line': b'-- Installing: /home/hello-robot/provail_ws/src/stretch_web_teleop_provail/install/stretch_web_teleop_provail/share/stretch_web_teleop_provail/cmake/ament_cmake_export_dependencies-extras.cmake\n'}
[14.321274] (stretch_web_teleop_provail) StdoutLine: {'line': b'-- Installing: /home/hello-robot/provail_ws/src/stretch_web_teleop_provail/install/stretch_web_teleop_provail/share/stretch_web_teleop_provail/cmake/ament_cmake_export_include_directories-extras.cmake\n'}
[14.321379] (stretch_web_teleop_provail) StdoutLine: {'line': b'-- Installing: /home/hello-robot/provail_ws/src/stretch_web_teleop_provail/install/stretch_web_teleop_provail/share/stretch_web_teleop_provail/cmake/ament_cmake_export_libraries-extras.cmake\n'}
[14.321500] (stretch_web_teleop_provail) StdoutLine: {'line': b'-- Installing: /home/hello-robot/provail_ws/src/stretch_web_teleop_provail/install/stretch_web_teleop_provail/share/stretch_web_teleop_provail/cmake/ament_cmake_export_targets-extras.cmake\n'}
[14.321716] (stretch_web_teleop_provail) StdoutLine: {'line': b'-- Installing: /home/hello-robot/provail_ws/src/stretch_web_teleop_provail/install/stretch_web_teleop_provail/share/stretch_web_teleop_provail/cmake/rosidl_cmake_export_typesupport_targets-extras.cmake\n'}
[14.321943] (stretch_web_teleop_provail) StdoutLine: {'line': b'-- Installing: /home/hello-robot/provail_ws/src/stretch_web_teleop_provail/install/stretch_web_teleop_provail/share/stretch_web_teleop_provail/cmake/rosidl_cmake_export_typesupport_libraries-extras.cmake\n'}
[14.322267] (stretch_web_teleop_provail) StdoutLine: {'line': b'-- Installing: /home/hello-robot/provail_ws/src/stretch_web_teleop_provail/install/stretch_web_teleop_provail/share/stretch_web_teleop_provail/cmake/stretch_web_teleop_provailConfig.cmake\n'}
[14.322502] (stretch_web_teleop_provail) StdoutLine: {'line': b'-- Installing: /home/hello-robot/provail_ws/src/stretch_web_teleop_provail/install/stretch_web_teleop_provail/share/stretch_web_teleop_provail/cmake/stretch_web_teleop_provailConfig-version.cmake\n'}
[14.322766] (stretch_web_teleop_provail) StdoutLine: {'line': b'-- Installing: /home/hello-robot/provail_ws/src/stretch_web_teleop_provail/install/stretch_web_teleop_provail/share/stretch_web_teleop_provail/package.xml\n'}
[14.331288] (-) TimerEvent: {}
[14.332595] (stretch_web_teleop_provail) CommandEnded: {'returncode': 0}
[14.368049] (stretch_web_teleop_provail) JobEnded: {'identifier': 'stretch_web_teleop_provail', 'rc': 0}
[14.368754] (-) EventReactorShutdown: {}
